de-date;tavg;tmin;tmax;wind;globrad;precip;relhumid
;C_deg;C_deg;C_deg;m/s;MJ m-2 d-1;mm;%
25.12.2014;-8.6;-10.6;-6.8;2.9;4.31055;21.6;92.4
26.12.2014;-11.7;-13.8;-10.3;1.5;4.37947308;0.3;85.9
27.12.2014;-10.4;-12.9;-9.1;1.8;5.15822976;0.6;92.3
28.12.2014;-10.7;-13.0;-9.3;2.3;5.74802856;5.8;90.8
29.12.2014;-15.5;-17.9;-12.1;1.8;4.45528224;0.8;83.6
30.12.2014;-16.9;-21.2;-14.0;1.9;5.06129292;0.5;86.5
31.12.2014;-10.0;-20.2;-5.3;3.0;6.07166532;0.9;83.9
01.01.2015;-1.0;-4.4;0.9;2.0;5.2204482;1.3;92.0
02.01.2015;1.5;0.8;2.5;3.0;6.95193912;4.6;93.1
03.01.2015;1.7;0.9;2.7;3.6;7.6599036;3.6;85.3
04.01.2015;-0.4;-3.7;0.8;2.8;7.26156648;6.5;90.9
05.01.2015;-11.7;-17.9;-6.6;2.8;5.82741468;5.2;80.9
06.01.2015;-19.7;-21.6;-17.1;2.5;5.82477156;0.5;74.6
07.01.2015;-19.0;-22.7;-16.4;1.4;6.85318896;0.0;79.3
08.01.2015;-10.7;-16.6;-8.5;3.0;7.71634944;4.2;73.3
09.01.2015;-7.7;-11.0;-0.9;3.3;7.78132692;9.0;87.0
10.01.2015;-0.4;-2.6;1.4;1.6;7.71155784;1.0;86.5
11.01.2015;-0.2;-3.5;1.2;2.4;8.15451228;6.0;92.3
12.01.2015;-1.3;-4.1;2.1;3.5;8.56153296;4.5;84.8
13.01.2015;0.8;-4.2;2.9;3.6;8.5251798;4.5;84.5
14.01.2015;2.7;1.7;3.9;2.4;6.57912276;2.2;89.6
15.01.2015;1.5;0.2;3.0;1.5;9.18718344;0.4;86.4
16.01.2015;-0.4;-2.1;1.9;1.5;6.72854292;0.0;75.1
17.01.2015;-0.4;-0.6;0.3;2.8;9.269433;0.0;85.5
18.01.2015;0.4;-1.3;1.2;1.5;5.52821472;0.0;91.4
19.01.2015;-1.4;-4.1;0.3;0.8;5.97527244;0.0;82.9
20.01.2015;-5.6;-9.0;-0.9;1.0;9.71723052;0.6;85.9
21.01.2015;-10.7;-14.8;-7.3;0.8;7.91084448;0.0;85.6
22.01.2015;-12.5;-16.6;-9.0;1.8;8.97522732;0.0;88.1
23.01.2015;-6.1;-7.8;-3.8;2.4;9.36229572;0.4;87.6
24.01.2015;-5.2;-8.1;-3.9;2.5;8.84797812;14.3;90.6
25.01.2015;-12.4;-16.3;-9.2;2.5;9.79346952;3.0;75.9
26.01.2015;-9.7;-11.4;-8.6;1.8;9.78197436;1.0;84.6
27.01.2015;-7.8;-8.4;-7.3;1.6;11.436669;4.9;89.5
28.01.2015;-4.9;-7.3;-3.7;1.4;11.990808;1.0;88.5
29.01.2015;-3.4;-5.1;-1.7;2.3;12.7235952;0.4;87.5
30.01.2015;-4.4;-5.6;-2.2;3.0;10.80481032;0.0;89.6
31.01.2015;0.7;-1.2;2.0;4.6;11.57064948;7.7;92.0
01.02.2015;0.8;-1.9;3.4;2.3;12.37842504;5.0;88.6
02.02.2015;-4.2;-9.4;0.3;1.3;13.58086716;12.0;93.5
03.02.2015;-3.0;-4.1;-2.0;1.9;13.21570296;9.3;94.4
04.02.2015;-4.2;-4.7;-3.5;2.4;13.57963488;0.8;89.1
05.02.2015;-6.1;-8.9;-4.1;1.8;13.58165052;2.4;82.8
06.02.2015;-8.8;-9.9;-7.8;1.8;14.06278044;0.9;85.0
07.02.2015;-5.8;-11.8;-2.4;1.8;13.19708484;1.9;87.5
08.02.2015;-2.1;-4.2;0.3;2.4;13.33032876;3.0;80.8
09.02.2015;-7.8;-15.5;-3.5;2.0;12.29742864;2.1;84.4
10.02.2015;-9.5;-18.6;-4.5;1.4;13.97655252;0.3;74.9
11.02.2015;-1.7;-5.3;-0.3;2.3;15.4556964;0.0;84.5
12.02.2015;-0.2;-1.0;0.5;2.5;13.24413288;0.0;89.3
13.02.2015;-0.3;-1.0;0.5;1.1;14.20606584;0.0;78.5
14.02.2015;-2.5;-3.1;-1.9;2.0;11.28476232;0.0;83.9
15.02.2015;-5.2;-10.3;-1.3;4.4;15.47127936;2.0;79.8
16.02.2015;-7.4;-11.3;-3.5;2.5;15.60656952;0.0;50.4
17.02.2015;-9.7;-15.2;-3.2;0.9;12.585708;0.0;51.4
18.02.2015;-3.5;-14.1;1.5;2.6;14.9082804;1.0;59.6
19.02.2015;-3.6;-8.1;-1.5;1.4;16.254972;1.0;85.3
20.02.2015;1.6;0.1;2.1;2.3;16.17999264;0.4;84.0
21.02.2015;2.2;-0.3;6.7;1.9;8.1816822;0.8;80.0
22.02.2015;1.7;-0.1;3.7;2.9;12.98094876;0.4;73.0
23.02.2015;0.9;-0.7;2.2;1.5;11.00828952;2.0;90.6
24.02.2015;-1.1;-5.4;2.4;2.3;11.47649688;0.0;78.8
25.02.2015;-0.4;-3.1;3.5;2.8;9.7605396;0.0;69.6
26.02.2015;-0.7;-2.2;2.7;2.1;15.41129256;0.1;83.0
27.02.2015;0.4;-1.5;1.1;2.5;16.91246232;4.3;95.3
28.02.2015;0.7;-0.1;1.3;1.9;9.8356806;7.6;97.3
01.03.2015;-1.4;-2.7;0.0;1.8;16.54601148;0.6;87.3
02.03.2015;-0.9;-2.1;0.8;2.3;12.69932328;0.0;86.4
03.03.2015;-0.4;-1.4;0.1;2.5;20.39237568;0.0;87.4
04.03.2015;0.1;-1.1;1.3;1.3;15.9258006;0.6;91.1
05.03.2015;-0.9;-6.2;3.1;1.0;18.09223776;0.0;80.1
06.03.2015;-2.1;-5.5;3.2;0.8;17.42453964;0.0;70.6
07.03.2015;-0.1;-3.0;2.3;1.1;16.4108268;0.0;75.4
08.03.2015;2.7;-1.0;4.5;2.1;17.30090916;1.4;84.5
09.03.2015;7.2;4.9;8.9;2.6;17.63629092;0.0;66.1
10.03.2015;4.3;0.7;9.3;1.3;20.21191164;0.0;74.9
11.03.2015;4.2;-2.3;13.0;0.9;15.38472312;0.0;79.5
12.03.2015;3.3;-0.1;7.1;2.6;10.25591832;0.6;74.4
13.03.2015;2.3;-1.3;7.3;3.1;16.06974768;0.0;58.3
14.03.2015;1.0;-3.8;7.7;1.6;16.56915804;0.0;60.1
15.03.2015;2.9;-1.8;9.1;1.3;20.53416636;0.0;54.1
16.03.2015;2.7;-3.0;9.6;1.6;17.73256464;0.0;54.4
17.03.2015;2.6;-4.9;11.2;1.0;20.32166592;0.0;60.6
18.03.2015;2.2;-5.2;11.7;0.3;18.35462124;0.0;65.5
19.03.2015;3.4;-3.4;13.0;0.9;21.59916336;0.0;62.1
20.03.2015;4.2;-1.9;11.7;1.5;20.95416756;0.0;52.6
21.03.2015;2.4;-2.0;7.3;2.3;20.06007876;0.6;73.3
22.03.2015;-4.1;-8.8;-0.5;2.8;18.21542868;1.6;70.0
23.03.2015;-2.0;-5.2;0.3;2.8;22.14973476;0.5;48.5
24.03.2015;3.8;-0.7;8.5;3.3;15.7658238;1.5;48.1
25.03.2015;5.5;0.6;10.0;1.5;20.8997964;0.0;55.9
26.03.2015;-0.4;-1.7;1.7;2.6;22.90566456;5.7;76.9
27.03.2015;-0.4;-5.0;4.9;4.3;19.59914196;0.0;49.3
28.03.2015;-0.4;-3.4;3.7;5.3;19.06776036;0.0;47.6
29.03.2015;0.3;-1.5;4.0;5.0;26.55215856;0.0;47.4
30.03.2015;-0.3;-1.3;1.5;4.4;26.45166096;0.4;58.0
31.03.2015;0.7;-1.6;3.0;4.5;23.66607132;1.0;62.9
01.04.2015;0.3;-1.0;0.8;3.6;18.14238792;13.0;91.1
02.04.2015;2.0;0.1;4.5;2.4;18.59026824;7.0;92.8
03.04.2015;0.3;-0.2;0.6;3.1;18.646578;32.0;98.6
04.04.2015;3.2;0.4;6.3;2.5;22.04661456;0.0;79.4
05.04.2015;1.1;-0.3;2.6;1.8;20.930319;4.3;89.3
06.04.2015;1.9;-1.3;4.2;2.1;19.4133798;4.9;87.1
07.04.2015;1.9;-4.1;6.8;1.0;22.06846044;0.4;78.9
08.04.2015;5.6;1.4;10.9;1.6;23.33608956;1.0;62.9
09.04.2015;3.9;2.2;6.6;3.5;18.64413972;1.0;59.5
10.04.2015;6.6;0.8;12.1;3.0;23.76323244;0.0;51.8
11.04.2015;8.2;-2.2;17.1;2.8;21.58037748;0.0;49.4
12.04.2015;13.3;5.5;19.6;2.8;14.46696288;0.8;38.5
13.04.2015;7.0;1.6;13.3;1.6;22.35295008;0.8;49.4
14.04.2015;5.5;1.1;10.0;2.5;23.45540976;0.0;64.4
15.04.2015;4.7;1.4;8.0;2.0;22.51356516;0.0;65.0
16.04.2015;4.9;3.8;7.2;4.5;25.29687672;10.7;80.1
17.04.2015;4.3;-1.2;8.6;2.0;25.40690676;0.0;74.5
18.04.2015;4.7;-1.5;8.9;2.0;20.80881396;0.0;66.1
19.04.2015;0.7;-1.5;3.9;2.4;20.77283664;0.9;62.9
20.04.2015;0.9;-0.4;2.8;2.5;23.80284144;3.3;83.3
21.04.2015;4.1;0.4;7.4;2.3;22.55915232;2.0;65.8
22.04.2015;6.1;3.4;8.5;2.6;23.79096756;4.0;57.4
23.04.2015;7.4;4.2;12.5;3.9;23.3085798;6.1;63.4
24.04.2015;6.9;4.8;10.7;2.9;22.97304144;0.3;54.1
25.04.2015;4.9;-2.3;10.8;2.8;20.14764264;1.0;60.5
26.04.2015;11.1;8.6;14.8;1.8;23.7877452;0.5;64.3
27.04.2015;13.5;6.1;19.3;1.0;16.24067388;0.8;74.1
28.04.2015;17.3;11.2;23.9;1.4;24.83368056;0.3;54.1
29.04.2015;17.3;9.9;26.0;1.9;23.5653804;0.3;54.0
30.04.2015;9.3;7.7;13.8;1.6;25.60171284;16.8;79.4
01.05.2015;11.4;9.6;12.9;2.5;22.2884244;8.5;84.8
02.05.2015;14.0;9.5;19.8;1.4;17.49836952;0.4;78.4
03.05.2015;13.2;7.6;20.5;2.0;20.481975;12.5;80.9
04.05.2015;7.8;4.4;10.9;1.5;17.07465924;30.0;84.3
05.05.2015;10.6;4.9;16.3;1.4;21.6254322;0.0;48.4
06.05.2015;10.2;3.3;16.1;1.6;22.81744332;0.0;46.3
07.05.2015;11.0;3.8;17.6;1.4;21.2678982;0.0;42.6
08.05.2015;11.8;3.6;18.8;1.4;20.15843904;0.0;44.4
09.05.2015;15.4;9.2;21.3;1.1;22.54105548;0.0;33.1
10.05.2015;16.1;10.2;21.5;1.3;23.25889692;0.0;43.1
11.05.2015;16.5;9.7;22.5;0.8;22.74806412;0.0;45.9
12.05.2015;16.6;8.0;23.4;0.8;24.03722124;0.0;51.4
13.05.2015;18.1;13.4;22.6;1.9;20.8395756;0.0;50.3
14.05.2015;11.5;6.3;16.6;0.5;20.79339444;2.0;82.4
15.05.2015;11.7;8.9;14.7;1.9;25.2322452;32.0;92.0
16.05.2015;7.1;5.6;9.4;3.1;23.72832756;64.0;92.6
17.05.2015;9.2;7.4;11.2;2.4;25.45407756;13.0;85.9
18.05.2015;9.1;6.8;11.7;2.5;21.71517372;0.6;69.0
19.05.2015;10.2;8.4;11.3;2.4;20.43689256;0.0;67.6
20.05.2015;13.4;6.5;19.7;0.9;19.50527808;0.0;67.5
21.05.2015;18.6;11.8;25.2;0.9;24.88624812;0.0;54.1
22.05.2015;20.6;14.5;27.8;0.9;23.42938356;0.0;63.4
23.05.2015;16.9;10.4;24.5;0.8;19.07600256;0.0;78.0
24.05.2015;15.9;10.3;23.2;0.8;23.2944804;1.8;79.3
25.05.2015;16.5;10.4;21.5;1.0;22.4189316;0.3;58.3
26.05.2015;20.5;13.0;27.6;1.5;19.01747124;0.0;63.5
27.05.2015;22.5;16.7;28.9;2.1;19.56279888;0.0;55.1
28.05.2015;21.9;17.2;27.1;0.8;17.4063816;0.0;64.8
29.05.2015;21.9;16.1;30.1;2.1;18.19621044;11.5;69.9
30.05.2015;20.4;14.2;25.4;1.6;20.5892226;10.0;71.5
31.05.2015;19.4;15.5;23.1;1.4;21.3376572;2.0;73.0
01.06.2015;16.6;14.3;20.3;1.1;17.83601352;3.1;60.9
02.06.2015;15.6;9.7;19.5;0.9;23.61634632;1.0;70.1
03.06.2015;23.2;18.4;27.9;1.1;18.41123304;0.0;53.3
04.06.2015;18.4;10.0;25.0;2.1;16.89167988;0.0;54.6
05.06.2015;13.3;6.9;18.5;1.3;13.1196006;0.3;60.6
06.06.2015;14.2;7.0;20.4;1.0;23.24862432;0.0;63.0
07.06.2015;21.6;16.4;26.4;1.3;18.14562756;0.3;51.3
08.06.2015;17.4;8.7;23.1;1.1;19.80636336;0.3;56.6
09.06.2015;16.1;8.3;21.3;0.8;5.36700852;0.0;51.9
10.06.2015;14.3;8.6;18.3;0.6;10.69971228;0.0;58.5
11.06.2015;17.0;12.0;21.6;1.4;14.482908;0.0;47.8
12.06.2015;15.0;7.1;20.1;0.9;9.45868896;0.0;57.6
13.06.2015;21.1;16.7;26.2;1.4;10.00831716;0.0;50.6
14.06.2015;23.6;19.5;28.9;1.4;13.34319084;0.0;58.9
15.06.2015;22.8;16.2;31.2;1.8;17.642997;2.0;66.3
16.06.2015;16.2;12.0;21.7;0.8;12.5200458;4.0;82.9
17.06.2015;13.6;9.7;18.3;1.1;20.04372072;1.0;76.1
18.06.2015;15.3;8.9;20.5;1.1;19.70853588;0.0;51.8
19.06.2015;17.8;15.4;20.9;1.6;12.41985312;0.0;64.6
20.06.2015;21.4;17.8;25.9;0.8;19.99728792;18.3;77.8
21.06.2015;18.6;14.5;21.0;0.9;21.21050376;17.3;88.6
22.06.2015;21.3;15.7;27.1;0.8;21.84118056;0.0;72.8
23.06.2015;20.5;13.1;25.3;0.8;19.58525856;0.0;68.6
24.06.2015;22.7;16.9;27.6;0.6;21.58205976;26.0;59.0
25.06.2015;17.3;15.2;20.1;0.6;18.99005436;48.0;93.4
26.06.2015;19.8;17.7;23.0;1.1;21.303225;11.4;86.5
27.06.2015;19.2;14.7;26.4;1.0;18.98923536;38.0;88.0
28.06.2015;14.8;13.9;16.4;1.0;12.90872556;25.0;90.8
29.06.2015;15.5;13.0;18.4;0.6;13.6446822;1.0;82.0
30.06.2015;17.7;14.6;21.1;0.8;12.30936588;0.0;77.0
01.07.2015;18.5;11.7;24.7;0.4;19.88805924;0.0;70.9
02.07.2015;20.1;13.4;26.8;0.9;19.10225556;6.0;68.0
03.07.2015;18.1;14.6;21.2;1.3;16.53035436;4.0;60.5
04.07.2015;24.2;18.1;29.6;1.6;17.5939524;0.0;57.5
05.07.2015;21.6;14.2;28.2;1.6;12.63320316;0.0;64.1
06.07.2015;15.5;10.0;20.3;1.1;15.16175676;0.0;63.4
07.07.2015;16.8;13.5;21.5;1.4;15.9462036;3.5;77.8
08.07.2015;19.6;15.3;23.6;1.4;15.9813072;0.0;69.0
09.07.2015;21.9;17.8;26.4;1.1;12.17367252;14.0;79.9
10.07.2015;14.8;10.0;18.7;1.1;20.98299744;0.0;77.5
11.07.2015;18.8;12.4;24.8;0.3;21.71248956;0.0;69.3
12.07.2015;19.1;16.5;24.3;1.8;17.5889232;0.0;77.5
13.07.2015;18.6;17.1;20.2;1.6;20.61016884;0.0;88.1
14.07.2015;20.7;17.1;24.4;1.9;15.5015982;0.0;78.1
15.07.2015;20.7;17.1;24.4;1.9;15.5015982;0.0;78.1
16.07.2015;21.9;18.1;26.8;2.0;14.1863652;0.0;73.6
17.07.2015;19.2;13.3;25.9;1.1;18.60684444;0.0;69.9
18.07.2015;16.5;10.8;21.1;0.8;14.91558912;0.0;75.3
19.07.2015;18.5;12.1;23.6;0.8;19.62984744;0.0;68.8
20.07.2015;17.8;11.7;23.5;0.8;19.4446566;0.0;69.4
21.07.2015;18.7;11.5;23.0;0.6;18.96617124;0.0;65.0
22.07.2015;16.3;10.2;22.8;0.3;17.10831636;0.0;76.8
23.07.2015;14.5;8.4;21.4;0.3;18.8814042;6.0;81.8
24.07.2015;18.8;9.4;24.3;0.9;19.46811276;0.0;58.9
25.07.2015;18.7;11.3;26.4;0.5;20.51982612;0.0;66.5
26.07.2015;21.5;13.1;27.8;0.9;18.03287628;0.0;62.4
27.07.2015;22.4;15.6;30.2;1.0;19.88571276;11.8;67.0
28.07.2015;21.6;16.7;27.8;0.9;20.7432054;4.0;78.9
29.07.2015;25.0;19.2;32.4;0.8;19.68743304;4.0;71.4
30.07.2015;20.3;17.7;24.5;0.8;15.84015984;54.3;88.1
31.07.2015;18.8;17.7;22.4;1.0;18.05187132;7.3;88.0
01.08.2015;21.3;14.4;28.2;1.0;18.49485924;0.0;73.6
02.08.2015;22.3;15.1;27.7;0.6;14.33051352;0.0;67.4
03.08.2015;22.3;16.0;26.2;1.0;16.12532808;0.0;71.1
04.08.2015;20.7;15.3;24.6;0.9;19.29215052;0.0;74.1
05.08.2015;19.7;13.5;25.0;1.3;17.57930976;0.0;70.8
06.08.2015;20.4;14.1;25.7;1.3;17.55881892;0.0;63.3
07.08.2015;20.4;14.1;25.7;1.3;17.55881892;0.0;63.3
08.08.2015;20.6;16.5;25.0;0.9;15.9641946;1.6;64.4
09.08.2015;18.1;11.3;23.9;0.5;14.53092372;0.0;70.3
10.08.2015;17.0;9.6;23.9;0.5;17.076519;0.0;71.9
11.08.2015;18.4;12.7;25.1;0.5;15.53682492;0.0;73.4
12.08.2015;21.9;14.1;25.4;0.6;11.5973964;0.0;67.3
13.08.2015;19.6;11.8;27.4;0.8;14.96184444;0.0;71.9
14.08.2015;20.3;15.9;25.2;0.8;16.61097312;2.0;79.5
15.08.2015;20.6;16.3;24.7;1.3;11.61751104;16.0;71.3
16.08.2015;18.3;11.6;24.7;0.9;13.90525056;0.0;67.1
17.08.2015;18.5;11.6;25.2;1.3;12.735531;0.0;72.4
18.08.2015;19.5;13.6;27.1;0.9;13.59782316;0.0;71.4
19.08.2015;21.7;14.1;30.3;1.0;14.25828708;0.0;67.3
20.08.2015;22.0;15.9;32.4;0.6;14.69196828;0.0;66.6
21.08.2015;21.8;13.9;30.6;1.0;12.9360438;0.0;65.5
22.08.2015;22.9;15.3;28.7;2.5;10.61132076;0.0;59.5
23.08.2015;18.3;14.7;22.9;2.1;10.33952976;21.0;81.0
24.08.2015;15.1;11.0;20.1;1.9;13.17370968;17.3;75.0
25.08.2015;13.7;9.7;18.2;1.1;10.55724012;1.3;87.1
26.08.2015;16.5;10.7;22.2;1.9;11.00820312;0.3;71.3
27.08.2015;16.5;10.7;22.2;1.9;11.00820312;0.3;71.3
28.08.2015;14.1;10.7;19.1;1.1;14.57905428;25.0;77.9
29.08.2015;12.1;10.4;13.2;1.8;12.09673404;36.0;96.1
30.08.2015;12.0;9.0;15.6;0.8;14.13247428;7.6;87.5
31.08.2015;11.6;5.9;16.9;0.4;9.1623816;0.0;78.9
01.09.2015;14.2;6.7;20.9;0.3;11.30920056;0.0;77.8
02.09.2015;16.3;11.6;22.1;0.9;11.77712136;0.0;82.1
03.09.2015;16.8;14.7;20.3;0.9;8.87343228;0.0;83.1
04.09.2015;15.4;11.9;19.4;0.6;12.31906464;0.0;80.0
05.09.2015;11.5;8.4;16.5;1.3;13.28472432;0.3;86.3
06.09.2015;11.7;11.1;12.9;2.9;12.61988784;24.0;96.3
07.09.2015;14.2;12.2;18.9;0.9;10.98418968;3.8;93.3
08.09.2015;13.1;10.1;17.0;1.1;11.50145424;14.0;80.6
09.09.2015;13.6;11.2;17.9;1.6;13.10810256;0.0;79.9
10.09.2015;14.5;9.7;21.5;0.6;11.91859092;0.0;79.5
11.09.2015;17.3;12.2;23.4;1.3;8.63921232;2.0;74.1
12.09.2015;19.0;13.8;26.0;0.9;11.74876164;0.0;69.1
13.09.2015;17.9;11.3;24.0;1.6;12.3741738;0.0;79.3
14.09.2015;17.7;14.7;21.0;2.4;11.99022732;0.0;67.9
15.09.2015;17.3;11.2;25.5;2.8;10.0914768;4.0;66.3
16.09.2015;12.6;8.0;18.3;1.0;10.82682252;0.0;79.3
17.09.2015;13.5;8.6;17.9;0.9;10.166067;4.0;83.6
18.09.2015;18.3;10.6;25.9;1.5;9.48054816;0.7;68.1
19.09.2015;10.9;5.8;15.4;1.9;7.20661464;0.0;75.0
20.09.2015;11.9;7.4;18.5;0.3;10.7412336;0.0;79.6
21.09.2015;10.9;7.6;13.7;2.4;10.52895312;0.0;81.0
22.09.2015;9.1;2.4;15.0;2.6;8.09532864;0.0;72.8
23.09.2015;8.9;2.9;16.1;1.1;9.13326156;0.0;81.6
24.09.2015;8.9;1.4;17.1;0.6;9.1295604;0.0;79.5
25.09.2015;10.0;6.6;15.6;0.4;5.9602014;0.0;79.0
26.09.2015;9.5;6.5;12.4;0.9;7.577847;0.0;75.8
27.09.2015;6.2;0.7;10.9;0.4;8.56780668;0.0;75.6
28.09.2015;6.7;4.0;8.5;0.8;9.14597388;0.0;76.9
29.09.2015;7.1;6.6;7.7;1.5;5.20781472;0.0;82.3
30.09.2015;7.1;4.0;10.0;0.8;7.64071776;0.0;80.4
01.10.2015;4.3;3.3;5.5;0.5;8.13017556;0.0;79.3
02.10.2015;4.3;3.3;5.5;0.5;8.13017556;0.0;79.3
03.10.2015;4.0;3.2;5.0;0.4;6.50280852;0.0;82.8
04.10.2015;3.9;0.3;10.4;1.1;6.42178044;0.0;72.9
05.10.2015;8.3;6.7;10.0;2.0;7.39030788;1.5;84.6
06.10.2015;7.6;5.0;10.0;1.3;7.3039122;20.0;97.9
07.10.2015;8.8;6.5;11.2;1.9;7.18999128;10.0;88.4
08.10.2015;8.0;2.0;13.0;1.0;6.6855402;0.8;81.6
09.10.2015;11.1;8.8;15.9;3.1;2.65009104;4.0;83.0
10.10.2015;10.4;8.0;12.3;1.5;7.4135952;19.0;84.1
11.10.2015;6.5;2.5;10.0;1.4;5.7083616;0.3;82.0
12.10.2015;7.5;4.4;9.4;1.0;6.1639236;0.3;87.9
13.10.2015;8.6;6.6;11.7;0.9;6.79067316;2.9;94.4
14.10.2015;7.8;6.7;9.4;1.1;6.42024216;21.0;94.5
15.10.2015;5.1;3.9;5.9;1.6;6.83120664;5.2;89.5
16.10.2015;5.5;4.7;6.6;2.0;5.30302572;5.6;82.1
17.10.2015;7.6;4.1;12.5;1.9;5.68314036;0.6;76.9
18.10.2015;10.6;6.2;13.2;2.4;6.00871608;0.6;73.9
19.10.2015;6.5;2.7;9.8;2.4;5.01620364;0.0;70.9
20.10.2015;3.9;1.8;6.1;0.5;4.87861956;1.2;87.9
21.10.2015;1.4;-0.2;4.1;0.8;4.2010506;2.0;84.4
22.10.2015;1.4;-0.2;4.1;0.8;4.2010506;2.0;84.4
23.10.2015;-0.5;-3.3;3.7;1.0;4.27411044;0.2;76.6
24.10.2015;-0.7;-2.9;2.0;0.6;5.24129904;0.2;87.0
25.10.2015;-0.1;-1.4;2.1;0.4;5.081787;0.0;69.1
26.10.2015;-1.3;-5.5;2.1;0.6;5.08673844;0.0;75.8
27.10.2015;-0.8;-1.4;-0.5;2.8;4.08965436;7.8;93.0
28.10.2015;-0.4;-1.0;0.1;1.1;4.65660972;2.3;97.1
29.10.2015;2.0;0.9;4.8;1.4;4.53395448;1.0;97.9
30.10.2015;5.5;4.5;6.0;2.9;4.12645428;1.6;90.6
31.10.2015;4.6;2.0;5.6;2.5;4.20373044;21.0;98.0
01.11.2015;1.1;0.7;1.6;4.3;3.58206732;12.9;90.4
02.11.2015;-1.2;-3.2;1.5;3.5;3.05720676;0.0;67.8
03.11.2015;-3.4;-7.3;1.7;0.8;2.65796748;0.0;84.5
04.11.2015;0.9;-0.2;3.3;1.1;3.28909716;0.0;86.3
05.11.2015;1.7;0.2;5.4;1.9;3.81930408;0.6;86.6
06.11.2015;3.9;3.1;5.5;1.4;2.4258654;0.0;83.6
07.11.2015;2.6;-0.6;4.8;1.6;3.69324756;0.0;87.1
08.11.2015;3.3;0.1;5.9;0.9;3.10408848;0.0;87.5
09.11.2015;-1.5;-4.5;1.5;0.6;3.22167096;0.0;97.8
10.11.2015;0.4;-2.2;3.1;1.6;2.88585432;0.2;94.3
11.11.2015;2.9;1.9;4.5;2.0;2.82430872;2.0;95.1
12.11.2015;2.9;1.4;4.5;1.8;2.70020844;14.3;96.9
13.11.2015;0.5;-2.8;3.9;1.0;2.84731452;0.0;92.4
14.11.2015;2.2;0.8;4.7;2.9;2.64382164;11.4;94.8
15.11.2015;1.4;0.7;2.5;1.9;2.80973232;0.0;82.5
16.11.2015;2.9;1.7;4.4;2.6;3.02079276;3.2;87.6
17.11.2015;1.3;0.4;2.5;2.3;2.56039596;1.5;86.0
18.11.2015;2.0;1.3;3.0;1.5;2.58310728;0.0;84.3
19.11.2015;0.8;0.1;1.7;1.4;2.47050756;9.0;98.9
20.11.2015;0.7;-0.4;1.7;0.9;1.98290628;7.0;90.3
21.11.2015;-0.1;-0.5;0.3;2.0;2.1131874;14.4;97.5
22.11.2015;-1.1;-2.4;0.0;2.6;1.83486384;4.3;92.4
23.11.2015;-3.8;-4.4;-3.0;3.4;1.5740082;0.0;86.0
24.11.2015;-4.5;-5.1;-4.1;1.0;1.92129552;0.0;90.6
25.11.2015;-6.4;-7.0;-5.6;1.4;1.99312848;0.0;94.4
26.11.2015;-5.3;-6.0;-4.6;2.3;0.85716576;0.0;94.3
27.11.2015;-4.8;-6.0;-3.6;2.4;2.28006324;0.0;88.8
28.11.2015;-5.9;-7.9;-4.0;2.0;2.22298056;0.0;88.9
29.11.2015;-4.1;-7.2;-3.1;2.5;1.99711008;0.0;91.8
30.11.2015;-2.1;-3.0;-1.6;3.4;2.04444612;0.0;93.3
01.12.2015;0.1;-1.3;0.8;3.5;1.0050876;12.6;96.1
02.12.2015;0.7;-0.2;1.4;0.8;1.50836436;7.3;98.6
03.12.2015;-0.4;-2.1;0.8;0.5;1.87241256;6.9;98.8
04.12.2015;0.5;-1.3;2.2;2.8;1.56538692;17.6;90.9
05.12.2015;-2.0;-2.8;-1.4;1.3;0.98632584;0.9;85.9
06.12.2015;-2.7;-3.7;-1.7;1.8;1.93360824;3.7;93.5
07.12.2015;-5.0;-6.2;-4.5;1.5;1.35135252;2.0;88.9
08.12.2015;-5.0;-6.2;-4.5;1.5;1.35135252;2.0;88.9
09.12.2015;-4.5;-5.5;-2.4;1.8;1.2363516;2.0;86.5
10.12.2015;0.1;-0.9;0.6;1.9;1.20766968;0.0;96.3
11.12.2015;0.7;-0.4;1.9;3.3;1.8609462;0.0;97.0
12.12.2015;0.2;-0.8;1.2;1.4;1.22901336;7.0;94.1
13.12.2015;1.1;0.3;2.3;1.3;1.87753824;2.0;97.3
14.12.2015;1.1;0.0;2.3;0.0;1.85021244;10.0;97.9
15.12.2015;2.3;0.4;3.2;0.5;1.61935848;25.0;95.3
16.12.2015;2.0;0.9;3.2;1.3;1.88203536;0.0;97.3
17.12.2015;5.9;3.9;7.1;4.1;1.93461588;13.0;94.4
18.12.2015;1.1;0.1;2.6;0.3;1.98288432;1.9;91.4
19.12.2015;-0.1;-0.6;0.4;2.8;1.5696828;21.0;98.4
20.12.2015;0.1;-0.1;0.5;0.4;1.31053572;2.1;98.8
21.12.2015;-0.3;-0.8;0.1;0.0;1.28941596;0.1;98.4
22.12.2015;-1.9;-4.2;-0.3;0.0;1.5750396;2.5;95.0
23.12.2015;-3.9;-4.8;-3.2;0.0;1.35547632;1.2;93.3
24.12.2015;-2.8;-3.4;-0.9;2.0;1.51669584;2.8;92.3
25.12.2015;-2.0;-3.0;-0.6;3.8;1.4770836;3.4;80.6
26.12.2015;-3.7;-6.4;2.6;2.5;1.3769694;2.1;83.5
27.12.2015;2.7;1.9;3.7;2.1;1.10099088;5.0;88.0
28.12.2015;1.3;1.0;1.9;0.8;1.26944532;0.3;96.1
29.12.2015;1.4;0.6;2.7;1.6;1.43656056;0.3;98.1
30.12.2015;1.9;0.6;3.5;2.6;1.94651532;0.0;97.9
31.12.2015;1.2;0.5;2.1;1.4;1.92770208;1.2;94.5
01.01.2016;-1.5;-11.3;2.0;0.9;2.30093316;1.9;97.3
02.01.2016;2.2;1.1;3.4;1.8;2.24751492;0.0;83.3
03.01.2016;2.4;1.6;3.3;1.9;2.02198716;0.0;93.6
04.01.2016;1.2;0.5;3.3;3.1;2.47438548;0.0;84.5
05.01.2016;-2.0;-3.0;-0.7;2.1;2.60814132;11.0;91.6
06.01.2016;-0.5;-2.0;1.7;1.6;2.0146266;4.6;96.0
07.01.2016;2.1;-1.0;3.1;2.5;2.15408916;1.2;86.5
08.01.2016;-2.4;-3.5;-1.1;4.3;2.6035452;0.6;75.4
09.01.2016;-3.9;-5.5;-2.9;3.4;2.58040584;1.2;72.0
10.01.2016;-4.8;-9.5;-2.0;0.9;2.7025614;0.0;81.3
11.01.2016;-5.7;-8.4;-3.4;0.6;2.66930676;7.2;93.1
12.01.2016;-6.4;-7.0;-5.8;1.4;2.97797076;0.7;86.5
13.01.2016;-9.0;-10.4;-7.5;1.0;3.00883608;1.5;87.1
14.01.2016;-6.7;-9.0;-5.0;1.0;3.26942964;0.8;91.4
15.01.2016;-5.6;-8.5;-4.0;1.1;3.4778448;1.3;94.5
16.01.2016;-8.3;-8.8;-7.6;3.1;3.648654;0.0;84.5
17.01.2016;-8.6;-10.1;-7.5;4.1;3.16965204;0.0;85.5
18.01.2016;-6.3;-9.2;-4.3;3.5;3.745386;10.6;86.1
19.01.2016;-10.3;-11.0;-9.4;4.3;2.8236744;1.0;64.0
20.01.2016;-7.7;-10.2;-3.9;2.6;2.07364356;12.0;91.1
21.01.2016;-3.6;-6.1;-1.9;1.6;3.5386812;1.4;87.5
22.01.2016;-12.5;-19.0;-6.0;1.0;4.2706746;0.5;81.5
23.01.2016;-12.9;-16.5;-10.5;0.4;4.08086604;0.0;89.6
24.01.2016;-9.6;-13.0;-7.5;0.9;4.04740692;0.0;93.5
25.01.2016;-10.4;-12.0;-8.7;2.0;4.27425948;0.0;87.1
26.01.2016;-10.4;-12.0;-8.7;2.0;4.27425948;0.0;87.1v
27.01.2016;-8.2;-10.2;-4.4;2.1;2.26028592;0.0;75.5
28.01.2016;-8.2;-9.4;-7.0;2.4;3.28093452;2.0;81.5
29.01.2016;-7.1;-8.4;-5.8;2.0;4.04109504;8.0;86.8
30.01.2016;-4.3;-6.2;-0.2;2.0;4.84130376;8.8;90.0
31.01.2016;-1.8;-3.2;-0.1;2.0;5.1503202;15.0;97.4
01.02.2016;-7.7;-12.6;-3.6;2.5;4.7240388;2.6;86.5
02.02.2016;-10.3;-15.6;-4.0;1.6;4.21155252;0.0;89.9
03.02.2016;-1.0;-3.3;1.3;1.5;2.95928496;0.9;96.5
04.02.2016;0.1;-1.9;1.2;1.1;2.11606092;25.1;98.0
05.02.2016;-10.0;-12.8;-4.2;2.6;3.5194104;32.0;90.3
06.02.2016;-14.4;-18.6;-10.2;1.1;4.31416404;4.3;86.8
07.02.2016;-15.7;-19.3;-7.4;1.0;5.5092204;0.0;86.9
08.02.2016;-14.4;-20.0;-7.5;0.6;5.37768576;0.0;87.5
09.02.2016;-6.3;-8.2;-4.3;2.6;5.8673772;0.2;88.8
10.02.2016;-7.4;-10.4;-4.1;3.3;4.23818532;0.2;75.6
11.02.2016;-4.9;-6.0;-4.0;3.1;4.87205892;0.2;80.5
12.02.2016;-7.0;-11.3;-3.9;1.6;6.78268944;2.0;67.6
13.02.2016;-13.9;-18.4;-7.5;0.0;6.98752044;0.0;83.9
14.02.2016;-13.8;-18.5;-8.3;0.5;6.96921696;0.0;85.6
15.02.2016;-9.9;-12.2;-7.8;1.4;7.35703776;0.8;85.9
16.02.2016;-6.4;-7.8;-3.5;1.8;6.7258314;1.8;88.9
17.02.2016;-5.0;-5.8;-4.2;2.1;7.83009324;5.0;86.4
18.02.2016;-5.2;-5.7;-4.3;1.6;7.06827096;9.0;94.4
19.02.2016;-5.2;-5.7;-4.3;1.6;7.06827096;9.0;94.4
20.02.2016;-4.2;-7.7;-1.2;0.9;8.41070052;1.4;85.4
21.02.2016;-10.9;-15.5;-5.2;1.6;8.49032388;0.6;85.3
22.02.2016;-13.5;-19.3;-8.4;1.0;8.9272458;0.0;78.9
23.02.2016;-18.7;-25.8;-8.9;0.1;8.5691934;0.0;81.5
24.02.2016;-16.8;-22.7;-8.7;0.3;8.81142192;0.2;78.3
25.02.2016;-13.2;-18.7;-8.8;1.0;7.55829216;0.2;76.9
26.02.2016;-16.8;-21.1;-12.0;0.9;9.25364988;1.0;77.3
27.02.2016;-19.9;-27.0;-12.6;0.5;9.40219272;0.2;75.9
28.02.2016;-17.0;-21.8;-12.1;1.5;9.9653958;0.0;68.9
29.02.2016;-17.0;-21.8;-12.1;1.5;9.9653958;0.0;68.9
01.03.2016;-14.7;-18.7;-8.9;1.9;9.96422976;0.0;65.8
02.03.2016;-12.7;-14.9;-9.9;2.4;9.2528316;0.0;65.8
03.03.2016;-11.5;-14.4;-8.6;1.9;9.82902816;0.8;81.1
04.03.2016;-9.2;-10.4;-7.6;3.1;10.44897192;22.0;87.1
05.03.2016;-9.7;-12.4;-6.8;2.3;11.01735612;3.6;80.3
06.03.2016;-12.9;-19.1;-7.8;0.8;10.92203604;0.0;67.1
07.03.2016;-9.1;-14.1;-5.0;3.0;10.2544128;1.0;70.3
08.03.2016;-5.7;-10.3;-0.4;1.9;9.0994824;0.0;60.8
09.03.2016;-8.9;-15.9;-1.4;0.9;10.35051696;0.0;63.0
10.03.2016;-6.9;-9.8;-4.4;2.9;10.96611048;0.0;55.0
11.03.2016;-7.6;-11.6;-4.4;2.0;12.22723044;0.0;57.1
12.03.2016;-5.9;-6.9;-4.6;1.9;12.57571656;0.0;78.0
13.03.2016;-2.7;-7.1;0.5;3.3;12.04895484;2.0;65.4
14.03.2016;-2.7;-7.1;0.5;3.3;12.04895484;2.0;65.4
15.03.2016;-3.4;-5.7;-1.2;1.8;11.21782932;4.3;75.0
16.03.2016;-6.7;-10.4;-3.2;1.8;11.27556396;4.0;62.1
17.03.2016;-14.4;-23.3;-8.8;0.6;11.1426768;0.0;66.6
18.03.2016;-12.7;-20.0;-6.0;1.3;13.1176818;0.0;58.1
19.03.2016;-8.1;-12.5;-1.9;2.4;12.97296036;0.0;51.0
20.03.2016;-5.6;-13.6;3.2;1.5;13.26425796;0.0;53.9
21.03.2016;-4.7;-8.1;-1.8;0.5;12.23330724;3.3;71.6
22.03.2016;-2.6;-7.0;0.9;1.0;9.45266292;5.0;78.6
23.03.2016;-2.0;-5.1;2.0;1.8;10.1956158;4.0;77.5
24.03.2016;-2.1;-9.8;2.3;1.3;15.08396652;0.4;68.4
25.03.2016;-1.7;-12.7;4.8;1.8;14.97627612;0.0;61.6
26.03.2016;3.1;1.2;4.8;2.3;15.76464084;0.0;60.0
27.03.2016;-3.9;-10.3;1.1;1.9;15.02575668;4.3;79.1
28.03.2016;-7.3;-15.6;-1.1;1.0;13.1263488;0.0;63.1
29.03.2016;-5.1;-12.4;0.8;0.9;10.8053568;0.0;50.5
30.03.2016;-2.8;-5.0;0.5;2.1;14.21388972;3.0;55.5
31.03.2016;0.8;-2.7;2.6;1.0;12.1577238;4.3;85.6
01.04.2016;2.4;1.2;3.4;3.6;14.12168652;0.6;90.4
02.04.2016;2.4;1.2;3.4;3.6;14.12168652;0.6;90.4
03.04.2016;2.9;1.4;5.7;2.1;11.08973052;0.8;87.5
04.04.2016;2.5;-3.1;5.6;1.5;16.52898168;0.0;69.3
05.04.2016;2.3;-4.3;8.0;0.6;14.10334524;0.0;67.8
06.04.2016;3.9;-0.1;8.8;1.5;16.22980188;0.0;70.5
07.04.2016;6.7;2.6;11.4;3.0;16.78407192;1.8;65.6
08.04.2016;4.3;-2.1;10.2;2.0;17.5761;0.0;56.9
09.04.2016;8.9;0.6;18.2;1.9;17.76268296;0.0;45.3
10.04.2016;14.2;6.0;21.0;2.6;15.15642732;0.0;45.4
11.04.2016;5.4;0.9;14.3;3.5;17.75615616;3.5;63.6
12.04.2016;2.7;-4.2;9.9;0.5;16.89018912;0.0;49.9
13.04.2016;4.7;-2.6;11.6;1.8;9.93378348;0.0;48.8
14.04.2016;5.2;-2.4;11.7;1.0;11.00556036;0.0;50.3
15.04.2016;8.0;-0.9;16.8;1.4;11.32197732;0.0;51.5
16.04.2016;10.7;0.0;20.8;0.8;10.319661;0.0;56.6
17.04.2016;14.0;8.4;19.8;0.6;16.70926284;12.0;68.6
18.04.2016;10.4;7.0;13.4;1.4;15.14644812;25.0;90.9
19.04.2016;8.8;6.7;12.6;2.5;18.86132628;27.9;79.0
20.04.2016;11.0;5.9;16.0;2.8;17.28023724;0.0;45.1
21.04.2016;12.2;6.7;20.2;3.8;19.91151396;8.3;62.8
22.04.2016;3.1;1.0;4.7;3.8;12.2881536;13.0;68.9
23.04.2016;3.7;-2.4;8.0;2.4;16.50418056;0.0;45.4
24.04.2016;6.6;-1.3;12.0;0.5;19.44836352;0.0;45.0
25.04.2016;9.0;5.8;12.8;1.3;18.37751148;0.6;79.0
26.04.2016;9.5;5.1;15.9;2.9;17.9906238;6.8;76.1
27.04.2016;11.4;4.7;15.5;1.1;14.75611704;0.0;56.6
28.04.2016;11.4;4.7;15.5;1.1;14.75611704;0.0;56.6
29.04.2016;10.2;5.8;13.8;1.6;19.40085864;0.0;56.5
30.04.2016;11.6;5.8;16.9;0.9;19.91796336;0.0;54.3
01.05.2016;16.5;10.6;23.8;1.3;17.88054264;8.3;74.6
02.05.2016;22.0;15.0;27.4;1.5;19.79277732;0.0;40.9
03.05.2016;21.0;12.7;28.1;1.0;16.93847988;0.0;57.3
04.05.2016;18.2;11.5;26.7;1.3;18.325575;0.0;44.9
05.05.2016;15.9;10.5;22.2;1.1;15.22133424;0.3;55.4
06.05.2016;18.1;14.1;23.6;1.4;20.89660788;24.3;73.0
07.05.2016;15.0;12.1;19.1;1.1;21.52742508;1.1;73.4
08.05.2016;15.0;6.7;23.8;0.1;23.34526344;0.0;62.9
09.05.2016;15.4;9.4;23.3;1.0;22.1996196;0.0;53.9
10.05.2016;10.8;5.4;17.4;1.3;20.01062988;0.0;47.1
11.05.2016;10.8;4.2;19.2;1.0;20.27443716;0.0;46.4
12.05.2016;17.3;11.7;24.4;1.8;24.14164032;0.0;39.6
13.05.2016;16.2;7.0;24.5;0.9;19.17178596;0.0;56.0
14.05.2016;19.5;8.8;25.8;0.8;19.89001944;0.0;50.4
15.05.2016;16.6;9.3;20.7;0.1;18.58778244;0.6;74.5
16.05.2016;17.1;10.1;23.7;0.1;20.62654452;0.0;70.1
17.05.2016;19.3;10.7;26.2;0.8;16.91111088;0.0;65.0
18.05.2016;19.9;15.8;25.7;1.1;17.30987244;12.0;71.5
19.05.2016;15.5;14.4;18.9;1.1;23.9194548;34.0;91.3
20.05.2016;11.9;10.4;13.7;0.8;21.61711584;25.0;94.9
21.05.2016;13.5;6.5;19.7;1.1;22.56923484;0.0;63.1
22.05.2016;15.2;7.5;21.1;1.6;20.76526404;0.0;66.0
23.05.2016;18.8;11.1;25.0;0.4;25.03557612;0.0;68.8
24.05.2016;18.3;13.4;22.9;0.6;25.3892988;0.0;64.0
25.05.2016;13.8;6.4;18.5;1.5;25.19779032;0.0;54.5
26.05.2016;13.7;6.5;19.9;0.6;26.32534092;0.0;52.3
27.05.2016;18.1;11.9;22.7;1.5;26.51485608;0.0;50.9
28.05.2016;13.5;4.5;18.3;1.0;24.05277756;0.0;53.6
29.05.2016;17.1;13.4;21.7;1.1;24.73476696;0.0;48.4
30.05.2016;18.5;11.3;24.9;1.8;24.95184264;0.0;49.0
31.05.2016;9.2;5.4;13.1;1.6;23.79664872;0.0;51.6
01.06.2016;10.3;4.9;17.6;0.8;21.39485256;0.0;54.1
02.06.2016;10.3;4.9;17.6;0.8;21.39485256;0.0;54.1
03.06.2016;20.5;12.3;25.2;1.6;23.9817024;0.0;45.6
04.06.2016;20.1;15.7;25.7;1.8;23.05948536;0.0;54.3
05.06.2016;15.0;12.2;20.5;1.4;22.62016944;9.3;72.9
06.06.2016;9.4;5.2;12.9;2.0;23.0021226;8.8;69.0
07.06.2016;10.0;3.9;15.8;0.8;22.04140608;1.0;62.8
08.06.2016;12.2;8.0;17.6;1.8;23.91971652;4.0;66.0
09.06.2016;11.2;7.7;14.9;1.1;22.80789504;6.0;65.3
10.06.2016;9.3;3.6;13.7;0.5;21.89379204;1.0;75.8
11.06.2016;12.1;7.1;20.1;0.4;23.28985908;1.0;75.3
12.06.2016;17.0;12.2;24.6;0.9;22.46869872;5.0;64.3
13.06.2016;17.0;14.1;20.1;1.1;24.16254948;13.0;78.5
14.06.2016;14.1;9.3;17.7;0.5;25.7618934;0.0;63.4
15.06.2016;14.2;8.6;19.8;1.1;25.60148424;0.0;60.0
16.06.2016;16.8;7.2;22.9;0.6;25.93100916;0.0;50.8
17.06.2016;18.3;9.0;24.8;0.6;25.450047;0.0;56.6
18.06.2016;20.7;11.0;27.7;0.3;20.0279178;0.0;57.3
19.06.2016;20.3;12.1;26.0;0.6;24.67917252;0.0;69.6
20.06.2016;19.8;17.7;23.5;1.6;24.97377672;0.6;54.5
21.06.2016;19.2;9.9;24.9;1.0;25.46723844;0.0;53.0
22.06.2016;22.5;12.9;30.3;1.1;22.73900436;0.0;59.4
23.06.2016;24.7;17.7;32.4;1.0;24.2502786;0.0;54.6
24.06.2016;23.7;17.8;29.9;1.4;23.81758776;0.0;54.5
25.06.2016;18.0;14.1;23.3;0.9;22.34329632;12.0;68.0
26.06.2016;19.3;11.4;25.3;0.0;24.6325572;0.0;62.6
27.06.2016;20.9;14.3;26.7;0.4;24.13429272;0.0;53.4
28.06.2016;21.1;13.2;27.0;0.3;24.11089272;0.0;53.9
29.06.2016;21.1;13.1;27.3;0.6;17.21574324;0.0;59.4
30.06.2016;22.8;16.3;29.6;1.3;18.95867064;0.0;63.6
01.07.2016;21.7;18.5;28.4;1.8;25.29984744;18.0;77.8
02.07.2016;19.2;15.4;23.5;0.9;24.04436292;1.1;65.8
03.07.2016;17.4;13.0;22.1;1.1;24.44536224;0.0;60.0
04.07.2016;19.0;13.8;25.7;1.3;22.97988792;1.0;59.4
05.07.2016;16.9;13.2;21.9;1.3;22.42352808;1.3;74.3
06.07.2016;18.7;12.9;25.2;0.8;22.96202688;2.0;71.6
07.07.2016;20.4;14.5;25.2;0.6;22.58436636;0.0;63.8
08.07.2016;17.3;15.6;19.8;0.0;22.63680864;36.0;87.8
09.07.2016;17.7;13.6;20.4;0.5;23.58869076;10.0;83.3
10.07.2016;18.8;15.2;22.7;0.5;22.37397372;0.0;79.9
11.07.2016;19.9;16.5;23.4;0.5;22.48513056;0.0;79.5
12.07.2016;21.3;16.0;26.4;0.1;20.84537808;0.0;69.0
13.07.2016;20.8;13.8;26.1;0.1;17.50483836;0.0;68.3
14.07.2016;21.4;15.0;26.5;0.3;15.98118768;0.0;72.6
15.07.2016;23.1;17.9;28.1;0.8;18.58303116;0.0;70.1
16.07.2016;23.7;18.3;29.3;0.8;19.15774272;0.2;70.4
17.07.2016;24.5;18.9;29.8;1.1;20.4787494;19.0;70.0
18.07.2016;20.4;18.8;22.7;1.0;22.01378544;26.5;88.8
19.07.2016;20.5;18.9;21.5;1.6;20.4953976;22.0;89.1
20.07.2016;22.2;20.1;26.5;1.6;19.37061576;19.4;86.8
21.07.2016;21.9;19.4;25.1;2.1;20.47710924;8.0;82.8
22.07.2016;21.1;19.6;24.2;3.0;20.53098648;0.0;82.9
23.07.2016;18.6;17.5;19.9;2.3;18.3967434;0.6;83.5
24.07.2016;18.5;15.7;22.5;1.6;20.2220946;0.0;86.0
25.07.2016;19.2;16.9;23.5;2.4;12.78342072;0.7;75.8
26.07.2016;23.2;18.6;28.5;1.1;14.219694;0.1;66.1
27.07.2016;24.6;20.8;28.2;0.4;16.99977492;0.0;67.0
28.07.2016;24.0;19.7;30.4;0.5;18.09615744;16.0;71.8
29.07.2016;21.6;19.2;25.3;0.8;22.79281284;0.0;76.4
30.07.2016;18.1;13.5;21.8;1.0;23.68840428;0.0;76.4
31.07.2016;19.7;13.1;25.5;0.8;22.61573604;0.0;65.5
01.08.2016;24.4;18.0;30.0;0.4;16.7349744;0.0;65.8
02.08.2016;25.2;18.0;32.0;0.8;16.58158416;1.0;61.8
03.08.2016;20.1;17.3;22.7;1.0;17.28351576;3.6;87.1
04.08.2016;19.4;13.9;25.9;0.5;17.53131636;2.3;76.0
05.08.2016;19.4;13.9;25.9;0.5;17.53131636;2.3;76.0
06.08.2016;22.9;16.1;29.2;0.9;17.40792816;0.0;64.4
07.08.2016;23.0;14.8;33.6;1.3;16.45198056;54.0;74.1
08.08.2016;18.0;12.0;24.0;1.3;15.8927184;2.0;69.0
09.08.2016;19.2;13.5;25.6;0.4;17.8241256;0.0;70.9
10.08.2016;19.2;13.5;25.6;0.4;17.8241256;0.0;70.9
11.08.2016;22.1;16.9;27.9;1.1;13.79618784;0.0;64.9
12.08.2016;18.1;10.9;26.3;1.1;11.94126588;19.0;79.6
13.08.2016;14.4;12.0;15.2;0.9;13.51439568;21.6;88.5
14.08.2016;14.4;12.0;15.2;0.9;13.51439568;21.6;88.5
15.08.2016;14.4;12.0;15.2;0.9;13.51439568;21.6;88.5
16.08.2016;15.4;12.8;18.0;0.9;6.48267012;22.5;86.5
17.08.2016;17.5;14.2;21.6;1.3;16.18534152;18.0;71.1
18.08.2016;18.3;14.7;22.7;1.3;14.25872556;1.9;79.3
19.08.2016;21.7;15.9;28.0;1.3;14.44964256;0.0;73.8
20.08.2016;21.7;15.9;28.0;1.3;14.44964256;0.0;73.8
21.08.2016;20.8;15.7;26.9;0.9;15.03766584;0.0;82.9
22.08.2016;22.1;17.6;28.3;0.4;13.72906656;1.0;74.8
23.08.2016;22.0;16.5;28.0;0.8;12.61159092;0.0;78.5
24.08.2016;21.8;16.4;26.9;0.6;10.87074828;0.0;74.9
25.08.2016;21.8;16.4;26.9;0.6;10.87074828;0.0;74.9 
26.08.2016;18.6;10.4;28.1;1.1;14.63568048;11.0;78.0
27.08.2016;18.1;13.4;22.2;1.0;13.9482684;0.0;75.5
28.08.2016;21.9;17.7;26.8;1.9;12.64767804;0.0;65.4
29.08.2016;15.9;7.1;23.9;1.3;12.9243708;0.0;65.8
30.08.2016;15.9;7.1;23.9;1.3;12.9243708;0.0;65.8
31.08.2016;17.4;14.2;21.4;1.8;11.99738952;4.0;69.9
01.09.2016;13.4;9.0;17.9;1.6;12.67621776;2.6;78.8
02.09.2016;12.7;6.8;17.4;0.8;11.8303884;0.0;75.0
03.09.2016;16.5;11.7;21.0;0.8;12.3645366;0.0;80.9
04.09.2016;16.2;11.7;22.4;0.6;10.98564516;0.0;80.1
05.09.2016;15.3;13.3;18.3;1.0;11.43258768;15.0;86.6
06.09.2016;14.5;11.3;18.5;1.3;12.66534216;23.0;90.1
07.09.2016;13.8;9.4;19.6;1.0;12.75175908;0.0;78.6
08.09.2016;16.2;13.9;17.5;2.6;9.60434748;0.0;74.4
09.09.2016;13.7;12.0;18.9;2.3;9.161631;8.0;74.5
10.09.2016;12.6;10.3;14.6;1.3;11.753955;0.0;77.0
11.09.2016;13.3;11.4;16.8;0.9;11.06213904;0.8;79.8
12.09.2016;13.0;10.4;17.1;0.6;10.25775252;3.0;88.5
13.09.2016;16.6;11.4;22.1;2.3;6.23545344;0.0;71.6
14.09.2016;10.4;8.9;14.9;1.6;10.3765914;0.6;78.3
15.09.2016;10.2;7.2;12.8;1.5;8.47704636;0.8;78.6
16.09.2016;10.4;8.5;11.9;1.5;6.30568008;4.0;85.4
17.09.2016;10.1;8.5;12.6;1.1;3.37792464;8.0;90.6
18.09.2016;9.3;8.0;10.6;1.5;4.6148094;0.3;84.9
19.09.2016;8.3;5.7;10.5;2.1;4.24249704;0.1;76.9
20.09.2016;7.6;6.3;9.5;1.4;4.4868492;3.8;88.0
21.09.2016;9.3;7.2;11.6;0.5;7.25594796;0.8;85.6
22.09.2016;8.5;7.5;10.1;1.4;4.67474616;2.0;88.8
23.09.2016;8.9;7.3;10.4;2.1;6.38163936;7.0;84.6
24.09.2016;9.3;6.1;12.4;1.0;7.80077124;0.5;79.9
25.09.2016;7.2;3.2;11.5;1.1;8.24815728;0.0;85.9
26.09.2016;10.1;8.1;13.5;1.8;7.73473968;0.0;74.4
27.09.2016;8.6;7.8;9.8;1.5;8.13195972;0.0;77.1
28.09.2016;7.7;6.3;10.1;0.6;7.82870796;0.0;80.4
29.09.2016;7.2;3.7;9.1;1.0;8.02840788;0.0;87.8
30.09.2016;11.9;9.3;14.3;1.8;7.0593192;9.0;89.5
01.10.2016;10.8;4.6;17.9;1.4;6.40909116;3.0;80.1
02.10.2016;13.5;8.3;18.7;0.9;6.18782616;2.0;82.8
03.10.2016;14.7;10.6;20.1;0.6;6.6411216;0.0;86.5
04.10.2016;12.2;11.1;14.0;0.8;6.5748186;1.0;95.3
05.10.2016;12.2;9.4;17.2;1.8;6.16199112;0.0;81.8
06.10.2016;9.0;8.7;9.5;2.5;5.99364972;6.5;90.9
07.10.2016;9.2;8.4;9.9;1.9;6.86308176;11.8;96.5
08.10.2016;9.7;8.3;10.6;1.9;6.725439;0.6;94.0
09.10.2016;6.2;2.5;8.2;2.9;6.6319362;0.7;78.8
10.10.2016;3.6;1.4;6.1;2.4;5.75342532;0.0;73.1
11.10.2016;3.6;1.4;6.1;2.4;5.75342532;0.0;73.1
12.10.2016;3.9;2.5;5.3;0.9;5.30689104;0.0;69.6
13.10.2016;3.0;1.7;4.1;1.1;5.26853556;0.0;72.9
14.10.2016;2.6;1.3;4.8;1.3;5.78266308;0.0;83.8
15.10.2016;4.0;2.8;6.1;1.5;5.44285764;1.4;85.9
16.10.2016;3.6;2.3;5.4;1.1;5.4412848;1.8;86.8
17.10.2016;2.7;0.4;4.5;1.4;5.4051552;0.0;74.8
18.10.2016;4.0;3.8;4.3;1.4;5.14318932;0.0;79.4
19.10.2016;2.5;1.9;3.1;0.8;5.11377984;0.0;79.3
20.10.2016;1.6;1.3;2.2;0.1;4.86138744;0.0;88.5
21.10.2016;1.4;0.6;2.5;0.4;3.77768448;0.0;88.6
22.10.2016;1.7;0.3;3.1;1.4;3.49538544;0.0;81.9
23.10.2016;3.0;0.4;6.8;2.3;4.08281364;0.0;77.1
24.10.2016;-0.5;-4.3;2.8;2.3;2.94225264;0.0;76.5
25.10.2016;-0.6;-4.7;3.3;2.4;1.98064728;0.0;71.3
26.10.2016;0.3;-2.6;4.2;3.1;3.42099468;0.0;61.6
27.10.2016;-1.2;-4.5;2.1;1.5;4.228542;0.0;73.4
28.10.2016;-0.8;-3.8;1.7;1.3;3.98693268;0.0;79.1
29.10.2016;-0.5;-1.6;0.4;2.6;3.45849408;7.6;87.1
30.10.2016;-0.8;-1.3;-0.2;2.4;3.34926432;10.0;95.6
31.10.2016;-1.7;-3.4;-0.6;2.0;3.21777864;2.8;93.1
01.11.2016;-3.1;-4.2;-2.0;0.9;3.124143;1.9;86.5
02.11.2016;-3.0;-4.5;-1.9;1.1;2.30075172;0.0;83.1
03.11.2016;-0.2;-2.1;0.8;1.5;1.89415692;12.0;95.6
04.11.2016;-1.0;-3.1;0.8;2.1;2.62132992;5.1;88.0
05.11.2016;-3.2;-4.9;-2.1;2.5;2.83898196;2.7;84.6
06.11.2016;-2.9;-6.9;-0.4;2.9;3.13569108;5.0;92.1
07.11.2016;1.2;-0.2;3.4;2.8;3.47534244;25.0;99.0
08.11.2016;0.7;-2.3;2.3;2.1;2.6454546;4.0;89.0
09.11.2016;-1.3;-4.6;1.9;2.4;2.89393092;0.5;86.8
10.11.2016;1.5;-1.1;5.4;1.4;2.76634044;29.0;99.1
11.11.2016;-1.3;-6.7;7.3;3.1;2.7457452;30.0;94.3
12.11.2016;-4.8;-5.9;-4.4;3.0;2.62573452;5.2;85.8
13.11.2016;-3.9;-4.8;-2.9;1.3;2.65739112;0.0;82.8
14.11.2016;-4.1;-4.9;-3.1;1.4;2.70752436;0.0;84.4
15.11.2016;-4.1;-4.6;-3.8;1.0;2.56108176;1.6;91.3
16.11.2016;-3.1;-3.9;-2.4;2.0;2.23341804;0.0;80.3
17.11.2016;-3.7;-4.4;-3.3;2.8;1.95139476;0.0;87.4
18.11.2016;-2.9;-4.6;-1.0;2.1;2.13984864;0.0;87.3
19.11.2016;0.8;-0.6;2.3;2.9;2.54987136;0.0;84.4
20.11.2016;-2.1;-3.9;-0.3;3.6;2.56841316;0.0;81.9
21.11.2016;-6.0;-9.3;-3.1;3.1;2.46362328;0.0;70.8
22.11.2016;-7.2;-9.6;-4.6;2.5;1.92154644;0.0;72.8
23.11.2016;-6.4;-9.0;-3.6;1.9;2.02063896;0.0;65.4
24.11.2016;-2.9;-6.8;0.4;2.6;2.34971316;0.0;79.4
25.11.2016;0.9;-0.4;2.1;2.8;2.37197412;0.0;73.6
26.11.2016;0.0;-0.9;0.9;2.6;2.4430842;5.8;91.1
27.11.2016;0.9;-1.4;2.7;1.9;2.0730006;2.2;90.3
28.11.2016;-3.3;-9.4;0.9;1.8;2.30676588;2.0;88.0
29.11.2016;-10.0;-11.8;-9.2;2.0;2.1568104;1.6;84.9
30.11.2016;-13.1;-14.4;-11.0;1.5;2.32767864;0.4;84.3
01.12.2016;-8.7;-12.2;-6.7;2.1;2.03620788;2.9;86.8
02.12.2016;-5.7;-7.3;-4.7;1.6;1.38701628;2.4;91.0
03.12.2016;-4.7;-5.6;-3.7;0.8;1.887705;1.3;91.1
04.12.2016;-6.0;-7.0;-5.1;1.0;2.31709896;0.0;84.8
05.12.2016;-3.2;-7.7;1.1;4.6;1.9669284;8.0;84.9
06.12.2016;-10.4;-13.8;-5.0;3.5;1.9046394;0.9;75.4
07.12.2016;-10.0;-14.4;-5.4;2.8;1.61142696;1.0;80.5
08.12.2016;-6.1;-8.1;-3.8;1.4;1.70076024;3.0;90.4
09.12.2016;-2.2;-6.0;0.9;2.0;1.617867;0.0;85.8
10.12.2016;-4.5;-6.6;-0.3;2.8;1.90272312;0.2;78.1
11.12.2016;-7.1;-8.0;-6.1;2.0;2.04623676;0.8;80.0
12.12.2016;-11.3;-16.0;-8.7;1.1;1.81397916;0.5;83.6
13.12.2016;-17.1;-21.9;-13.1;1.0;1.96066116;0.0;85.6
14.12.2016;-11.5;-16.9;-8.7;1.5;1.91973888;4.9;89.8
15.12.2016;-12.9;-21.1;-9.3;1.4;1.75304988;1.1;87.5
16.12.2016;-16.7;-23.8;-10.9;0.9;1.78043328;0.3;86.4
17.12.2016;-5.7;-9.8;-2.9;2.0;2.26733364;0.3;92.5
18.12.2016;-1.0;-2.2;0.3;2.8;2.28086028;1.7;88.9
19.12.2016;-2.0;-6.9;-0.8;2.5;2.33142984;1.3;81.0
20.12.2016;-9.5;-13.0;-2.9;1.9;1.97877672;1.0;80.1
21.12.2016;-0.3;-1.7;0.4;1.8;2.54160756;2.4;92.4
22.12.2016;-0.9;-1.7;-0.5;2.0;2.41498044;0.0;90.8
23.12.2016;-2.2;-2.6;-1.8;1.8;2.48123808;1.0;95.6
24.12.2016;-0.7;-1.8;0.6;1.9;2.60067996;2.2;86.5
25.12.2016;-1.2;-1.7;-0.6;2.0;2.51351424;0.2;88.5
26.12.2016;-0.4;-1.6;0.5;3.3;2.61887616;1.2;86.9
27.12.2016;0.0;-2.7;1.5;1.8;2.19424608;5.4;92.6
28.12.2016;-1.6;-3.6;0.7;1.0;2.3079618;0.6;95.6
29.12.2016;-2.7;-4.5;-1.2;1.6;2.03006664;0.0;87.0
30.12.2016;-2.3;-3.9;-1.2;2.6;2.25343044;0.4;88.4
31.12.2016;0.1;-0.6;1.0;3.1;2.63598408;0.0;91.8
01.01.2017;1.6;1.2;2.0;2.6;2.29128984;0.5;93.4
02.01.2017;0.3;-1.9;1.8;1.6;3.11214492;7.1;95.0
03.01.2017;-7.7;-13.8;-1.9;1.5;2.93716404;6.7;90.4
04.01.2017;-7.9;-13.3;-3.8;2.5;3.38143104;8.4;93.4
05.01.2017;-10.8;-18.5;-1.1;2.3;3.5279316;13.0;88.1
06.01.2017;-24.4;-26.0;-22.1;3.0;3.71782764;4.2;75.5
07.01.2017;-24.1;-26.8;-21.7;2.5;2.88665712;0.4;78.1
08.01.2017;-22.6;-26.9;-20.7;1.9;3.69735192;0.2;79.4
09.01.2017;-20.6;-22.7;-18.9;0.5;3.9771018;0.2;83.3
10.01.2017;-20.6;-22.7;-18.9;0.5;3.9771018;0.2;83.3
11.01.2017;-9.2;-13.9;-6.9;1.0;4.37937444;0.0;84.4
12.01.2017;-10.6;-11.8;-9.4;1.6;3.68955072;0.6;90.3
13.01.2017;-5.3;-9.6;-0.8;3.0;3.97782108;16.0;90.1
14.01.2017;-4.9;-8.2;-3.1;1.5;4.02051564;0.0;86.5
15.01.2017;-2.4;-3.3;-1.8;3.0;4.60833984;0.8;86.8
16.01.2017;-2.5;-3.4;-1.7;2.1;2.2792158;14.0;92.8
17.01.2017;-3.0;-4.8;-1.0;0.6;4.32001008;0.0;96.1
18.01.2017;-5.7;-8.5;-2.3;0.9;5.14194084;0.8;94.5
19.01.2017;-6.3;-9.1;-5.1;2.6;4.76090424;0.0;82.9
20.01.2017;-3.5;-4.0;-2.7;3.6;4.41388044;0.0;82.5
21.01.2017;-3.6;-6.4;0.1;2.8;5.24097468;0.3;78.0
22.01.2017;-5.3;-8.1;-1.6;3.4;5.9405994;2.0;79.3
23.01.2017;-2.6;-5.1;-1.2;2.0;5.80850496;2.2;88.1
24.01.2017;0.4;-1.1;1.7;3.3;5.47476732;0.9;84.4
25.01.2017;-5.5;-10.8;0.7;3.3;5.42692764;5.0;85.5
26.01.2017;-18.0;-23.1;-12.2;1.8;5.46170724;1.6;77.0
27.01.2017;-9.1;-13.3;-3.9;1.9;5.74187328;5.6;89.9
28.01.2017;-2.7;-3.5;-2.0;1.4;5.90028876;0.4;90.0
29.01.2017;-10.8;-17.6;-3.5;1.6;5.93055432;0.0;84.5
30.01.2017;-15.8;-20.2;-9.0;1.6;6.35803956;0.0;74.4
31.01.2017;-12.7;-16.2;-8.9;1.9;6.66743472;0.3;76.3
01.02.2017;-6.1;-9.1;-2.2;2.4;6.52285908;0.8;82.1
02.02.2017;-6.3;-10.2;-2.4;2.3;4.98982464;1.0;73.9
03.02.2017;-13.7;-17.1;-8.5;0.6;6.60958668;0.0;83.5
04.02.2017;-14.6;-17.9;-9.9;1.8;6.2872902;0.9;86.4
05.02.2017;-9.8;-11.7;-8.4;1.9;6.52433112;2.2;82.1
06.02.2017;-15.4;-18.4;-12.5;1.3;7.17304428;0.4;74.5
07.02.2017;-20.5;-24.2;-17.0;1.4;7.42168044;0.2;73.9
08.02.2017;-19.4;-24.9;-12.0;1.0;7.75212876;0.0;75.0
09.02.2017;-10.0;-13.9;-5.7;1.8;7.14610548;0.0;88.3
10.02.2017;-3.2;-4.7;-1.4;2.1;8.44527924;0.4;88.5
11.02.2017;-1.6;-2.9;0.2;2.5;8.99539704;0.6;82.8
12.02.2017;-2.9;-4.4;-0.8;1.9;8.64736524;0.9;80.9
13.02.2017;-6.8;-7.6;-5.2;1.5;7.20442224;2.1;84.5
14.02.2017;-2.8;-7.5;3.2;3.4;5.29544664;3.3;84.5
15.02.2017;-0.7;-2.4;1.7;4.5;3.85972704;0.4;64.1
16.02.2017;-7.2;-11.8;-2.5;1.0;7.91251344;0.0;72.0
17.02.2017;-7.2;-11.0;-2.7;2.1;8.62317432;1.0;79.5
18.02.2017;0.6;-2.4;2.5;2.4;6.7048542;1.6;86.5
19.02.2017;1.8;0.5;3.2;3.0;6.91340508;0.0;74.6
20.02.2017;2.5;1.8;4.0;3.9;7.4108556;0.0;76.0
21.02.2017;1.6;0.7;2.8;3.4;6.36415272;7.0;87.1
22.02.2017;0.0;-3.7;1.5;1.9;8.48118168;4.8;91.4
23.02.2017;-3.0;-5.1;0.2;2.1;9.94968792;4.3;88.9
24.02.2017;0.9;-1.8;3.4;1.9;9.6774678;7.7;93.5
25.02.2017;0.9;-1.0;3.6;3.5;11.13958044;2.0;71.3
26.02.2017;-2.5;-5.3;-0.3;3.5;9.2090646;0.8;69.0
27.02.2017;0.3;-2.0;2.3;2.6;8.2730628;4.0;85.9
28.02.2017;0.9;-0.8;3.1;1.3;8.20033488;1.0;82.1
01.03.2017;2.7;1.3;4.3;2.5;10.43251596;0.8;83.0
02.03.2017;2.6;2.2;3.1;2.6;11.48082084;0.4;84.1
03.03.2017;2.3;1.0;4.3;1.8;11.787147;0.0;89.6
04.03.2017;3.0;1.4;5.6;2.1;10.50860664;0.0;74.8
05.03.2017;2.2;-0.3;4.1;1.9;11.37749256;0.0;79.4
06.03.2017;3.7;2.0;6.5;1.5;11.5864812;0.0;85.5
07.03.2017;2.9;1.1;6.1;2.6;11.05921404;0.0;83.8
08.03.2017;1.3;-1.8;5.7;2.1;13.86574092;0.0;85.6
09.03.2017;2.3;-2.8;8.9;1.8;12.83097672;0.0;81.9
10.03.2017;2.0;-2.3;7.8;2.3;14.05906524;0.0;76.5
11.03.2017;2.6;-0.6;7.4;2.1;13.79681208;0.0;79.8
12.03.2017;0.8;-4.0;6.9;1.3;13.97858544;0.0;77.4
13.03.2017;0.1;-5.4;6.9;0.9;14.74991532;0.0;74.5
14.03.2017;1.3;-5.3;8.5;0.6;15.62877756;0.0;74.3
15.03.2017;2.1;-4.8;9.6;1.9;16.13501028;0.0;74.3
16.03.2017;1.5;0.2;3.4;1.0;15.21237132;0.0;92.8
17.03.2017;1.2;0.1;2.6;0.6;15.509781;0.0;100.0
18.03.2017;2.8;-0.1;5.9;2.0;9.2023056;0.0;88.3
19.03.2017;2.1;1.3;3.3;3.0;7.61977008;0.0;93.8
20.03.2017;3.2;1.9;4.9;2.1;15.65559324;0.0;98.3
21.03.2017;4.4;3.4;5.9;1.3;15.45264828;0.0;94.4
22.03.2017;3.6;-1.0;10.2;1.5;11.79104328;0.0;84.9
23.03.2017;5.5;1.9;10.1;1.9;10.7363196;0.0;76.1
24.03.2017;3.5;-2.4;9.3;1.5;9.39233664;0.0;74.3
25.03.2017;0.5;-1.8;3.4;2.5;16.66884204;0.0;71.3
26.03.2017;2.4;-3.6;7.2;2.4;13.01321952;0.0;54.6
27.03.2017;1.1;-0.4;4.1;3.0;17.14495968;0.0;85.1
28.03.2017;0.4;-2.9;2.8;3.8;16.75324692;0.0;80.6
29.03.2017;-1.4;-4.2;1.7;1.9;17.22564504;0.0;61.0
30.03.2017;-2.3;-5.0;0.3;2.6;16.06534272;0.0;47.9
31.03.2017;-0.6;-6.8;2.2;1.8;17.1341226;0.0;75.1
01.04.2017;1.5;-1.3;4.8;2.4;16.1286012;0.0;62.6
02.04.2017;3.7;-0.2;8.1;1.8;18.44658288;0.0;90.0
03.04.2017;2.6;0.3;5.7;1.8;19.40523228;0.0;96.8
04.04.2017;4.6;1.6;6.3;1.4;19.59543288;0.0;73.4
05.04.2017;8.1;5.2;11.6;2.8;18.4853286;0.0;72.6
06.04.2017;11.0;5.2;16.7;2.3;19.37066472;0.0;67.5
07.04.2017;6.4;0.4;12.0;1.4;16.40681892;0.0;79.8
08.04.2017;5.9;-0.1;13.4;1.5;20.93546412;0.0;82.4
09.04.2017;3.8;0.4;8.0;2.1;19.4993244;0.0;55.8
10.04.2017;8.2;4.7;10.7;1.8;20.38857192;0.0;63.0
11.04.2017;12.9;6.6;19.2;3.5;17.20015848;0.0;52.9
12.04.2017;4.7;0.0;9.5;2.8;17.00120916;0.0;70.0
13.04.2017;4.7;0.0;9.5;2.8;17.00120916;0.0;70.0
14.04.2017;7.2;6.4;8.3;2.6;17.43686208;0.0;75.4
15.04.2017;2.2;-1.7;7.8;3.1;20.8198494;0.0;60.3
16.04.2017;1.0;-3.6;6.2;1.6;20.36596284;0.0;59.8
17.04.2017;2.7;-0.9;5.4;2.4;16.62433596;0.0;86.1
18.04.2017;-0.7;-4.7;4.5;1.9;11.26970964;0.0;60.6
19.04.2017;0.6;-3.6;5.2;2.6;20.54072268;0.0;57.9
20.04.2017;1.1;-2.5;4.1;3.0;20.45028528;0.0;44.8
21.04.2017;1.6;-4.2;7.3;1.8;20.340072;0.0;41.6
22.04.2017;6.9;4.1;9.2;2.3;20.81187072;0.0;33.4
23.04.2017;5.4;2.1;10.9;2.9;22.4707572;0.0;67.5
24.04.2017;3.3;-3.2;9.9;1.0;15.13241892;0.0;61.6
25.04.2017;5.2;0.5;11.5;1.9;23.383728;0.0;63.5
26.04.2017;7.2;0.9;13.8;2.0;24.62585616;0.0;51.5
27.04.2017;13.4;8.1;19.0;2.8;21.8078964;0.0;59.6
28.04.2017;9.5;6.0;20.2;1.9;24.15681216;0.0;78.0
29.04.2017;9.1;4.3;22.5;2.1;24.19887312;0.0;83.1
30.04.2017;15.9;7.4;23.7;1.9;22.51112688;0.0;47.3
01.05.2017;18.1;12.3;24.5;1.9;25.31644992;0.0;39.1
02.05.2017;20.4;12.9;25.3;1.9;19.46230848;0.0;37.6
03.05.2017;12.0;6.9;17.1;2.4;19.09007064;0.0;44.4
04.05.2017;8.1;2.9;12.7;1.6;21.13563168;0.0;44.3
05.05.2017;9.2;-0.6;15.4;1.8;23.00283108;0.0;44.5
06.05.2017;14.2;8.2;20.9;2.9;24.25675428;0.0;41.6
07.05.2017;7.1;3.7;9.7;1.1;21.6806292;0.0;54.5
08.05.2017;3.7;2.1;5.5;1.6;23.2745274;0.0;96.1
09.05.2017;2.8;0.0;5.1;1.0;23.06179152;0.0;88.4
10.05.2017;4.7;0.7;8.6;1.8;23.97726216;0.0;72.1
11.05.2017;5.5;1.2;9.1;1.6;21.15326592;0.0;67.5
12.05.2017;5.6;0.1;11.1;1.4;20.77899444;0.0;65.6
13.05.2017;7.2;-0.2;13.1;0.6;23.59648476;0.0;56.5
14.05.2017;9.0;1.5;15.8;0.6;21.90649032;0.0;47.4
15.05.2017;11.1;3.1;15.9;1.3;21.43275804;0.0;34.9
16.05.2017;9.0;5.3;14.4;1.6;23.54629392;0.0;74.5
17.05.2017;5.8;4.7;6.5;2.1;22.56890256;0.0;94.5
18.05.2017;9.7;6.4;15.0;1.1;24.48206208;0.0;86.1
19.05.2017;13.7;6.0;19.6;1.1;26.3260548;0.0;69.9
20.05.2017;17.0;8.1;22.2;0.5;26.5773726;0.0;59.3
21.05.2017;9.1;5.7;12.1;1.8;24.99248484;0.0;72.3
22.05.2017;8.9;2.7;14.4;0.8;21.2217804;0.0;58.6
23.05.2017;14.1;6.9;20.4;0.5;21.34975428;0.0;62.4
24.05.2017;19.4;12.5;24.5;0.8;24.42957012;0.0;52.9
25.05.2017;19.4;12.5;24.5;0.8;24.42957012;0.0;52.9
26.05.2017;16.3;12.8;22.8;1.6;23.55392628;0.0;70.6
27.05.2017;14.5;11.0;19.3;1.0;25.87158792;0.0;76.6
28.05.2017;11.0;6.5;17.1;1.1;25.86137004;0.0;68.3
29.05.2017;9.0;5.9;15.6;1.1;21.86734032;0.0;74.8
30.05.2017;16.0;13.3;22.2;1.8;22.105053;0.0;82.5
31.05.2017;12.9;5.3;18.5;1.0;21.97108116;0.0;64.9
01.06.2017;16.0;13.7;20.0;1.9;23.90494392;0.0;78.4
02.06.2017;11.5;5.0;19.1;1.9;23.880303;0.0;70.5
03.06.2017;7.1;3.3;13.0;2.0;19.68465924;0.0;69.9
04.06.2017;7.8;4.6;10.7;1.8;22.3698744;0.0;66.4
05.06.2017;11.1;5.0;15.1;1.3;24.4901322;0.0;62.1
06.06.2017;13.0;12.2;13.8;1.5;18.23440608;0.0;87.5
07.06.2017;13.2;7.3;18.5;0.5;25.57236276;0.0;79.0
08.06.2017;16.8;9.6;22.7;0.6;25.5815928;0.0;61.6
09.06.2017;16.9;11.9;22.8;2.4;25.64260848;0.0;54.3
10.06.2017;15.8;11.6;19.1;0.9;24.81558408;0.0;63.5
11.06.2017;16.9;12.7;20.6;0.5;24.3896292;0.0;63.9
12.06.2017;17.3;11.2;22.1;0.6;22.7819304;0.0;65.4
13.06.2017;17.6;14.9;23.3;1.4;21.17832732;0.0;78.4
14.06.2017;14.9;11.4;17.9;1.8;24.55100676;0.0;80.4
15.06.2017;11.4;8.6;17.8;1.5;24.5847042;0.0;83.0
16.06.2017;10.9;10.0;12.3;1.3;23.65666344;0.0;90.6
17.06.2017;14.7;12.1;19.5;1.0;20.0375982;0.0;79.1
18.06.2017;17.4;9.7;25.9;1.0;22.41294768;0.0;66.3
19.06.2017;17.0;12.7;24.1;1.0;21.7979298;0.0;70.4
20.06.2017;16.8;10.6;22.4;1.1;23.51679084;0.0;71.4
21.06.2017;17.5;14.6;23.2;2.1;21.06912996;0.0;61.6
22.06.2017;12.6;9.5;18.3;2.0;22.05301464;0.0;72.9
23.06.2017;12.6;7.3;18.4;1.3;24.42528468;0.0;77.9
24.06.2017;13.1;6.4;19.9;0.6;23.04295668;0.0;71.4
25.06.2017;16.2;7.8;21.8;1.0;23.75766036;0.0;64.4
26.06.2017;19.4;13.5;25.6;1.6;23.9112684;0.0;73.9
27.06.2017;18.3;15.2;21.6;1.5;22.80384324;0.0;73.5
28.06.2017;17.0;10.8;22.7;1.1;22.24122552;0.0;58.9
29.06.2017;17.1;8.3;23.5;0.4;20.84727312;0.0;64.9
30.06.2017;20.8;15.5;27.9;1.8;16.03386396;0.0;67.1
01.07.2017;20.1;15.4;25.6;1.6;17.07371532;0.0;75.5
02.07.2017;17.8;15.7;19.5;1.3;20.59767072;0.0;82.4
03.07.2017;16.3;12.4;21.4;0.8;18.83071224;0.0;89.9
04.07.2017;15.9;10.9;21.7;0.4;21.2225292;0.0;84.9
05.07.2017;15.0;10.5;20.8;1.0;21.06381456;0.0;82.6
06.07.2017;15.3;11.7;20.3;1.8;21.81406644;0.0;69.9
07.07.2017;12.6;9.7;15.6;1.9;20.30367132;0.0;76.4
08.07.2017;11.9;11.2;13.0;1.9;18.87650856;0.0;90.3
09.07.2017;12.8;9.7;15.9;1.1;21.0680208;0.0;84.6
10.07.2017;14.8;10.0;18.7;1.1;20.98299744;0.0;77.5
11.07.2017;18.8;12.4;24.8;0.3;21.71248956;0.0;69.3
12.07.2017;19.1;16.5;24.3;1.8;17.5889232;0.0;77.5
13.07.2017;18.6;17.1;20.2;1.6;20.61016884;0.0;88.1
14.07.2017;20.7;17.1;24.4;1.9;15.5015982;0.0;78.1
15.07.2017;20.7;17.1;24.4;1.9;15.5015982;0.0;78.1
16.07.2017;21.9;18.1;26.8;2.0;14.1863652;0.0;73.6
17.07.2017;19.2;13.3;25.9;1.1;18.60684444;0.0;69.9
18.07.2017;16.5;10.8;21.1;0.8;14.91558912;0.0;75.3
19.07.2017;18.5;12.1;23.6;0.8;19.62984744;0.0;68.8
20.07.2017;17.8;11.7;23.5;0.8;19.4446566;0.0;69.4
21.07.2017;18.7;11.5;23.0;0.6;18.96617124;0.0;65.0
22.07.2017;16.3;10.2;22.8;0.3;17.10831636;0.0;76.8
23.07.2017;14.5;8.4;21.4;0.3;18.8814042;6.0;81.8
24.07.2017;18.8;9.4;24.3;0.9;19.46811276;0.0;58.9
25.07.2017;18.7;11.3;26.4;0.5;20.51982612;0.0;66.5
26.07.2017;21.5;13.1;27.8;0.9;18.03287628;0.0;62.4
27.07.2017;22.4;15.6;30.2;1.0;19.88571276;11.8;67.0
28.07.2017;21.6;16.7;27.8;0.9;20.7432054;4.0;78.9
29.07.2017;25.0;19.2;32.4;0.8;19.68743304;4.0;71.4
30.07.2017;20.3;17.7;24.5;0.8;15.84015984;54.3;88.1
31.07.2017;18.8;17.7;22.4;1.0;18.05187132;7.3;88.0
01.08.2017;21.3;14.4;28.2;1.0;18.49485924;0.0;73.6
02.08.2017;22.3;15.1;27.7;0.6;14.33051352;0.0;67.4
03.08.2017;22.3;16.0;26.2;1.0;16.12532808;0.0;71.1
04.08.2017;20.7;15.3;24.6;0.9;19.29215052;0.0;74.1
05.08.2017;19.7;13.5;25.0;1.3;17.57930976;0.0;70.8
06.08.2017;20.4;14.1;25.7;1.3;17.55881892;0.0;63.3
07.08.2017;20.4;14.1;25.7;1.3;17.55881892;0.0;63.3
08.08.2017;20.6;16.5;25.0;0.9;15.9641946;1.6;64.4
09.08.2017;18.1;11.3;23.9;0.5;14.53092372;0.0;70.3
10.08.2017;17.0;9.6;23.9;0.5;17.076519;0.0;71.9
11.08.2017;18.4;12.7;25.1;0.5;15.53682492;0.0;73.4
12.08.2017;21.9;14.1;25.4;0.6;11.5973964;0.0;67.3
13.08.2017;19.6;11.8;27.4;0.8;14.96184444;0.0;71.9
14.08.2017;20.3;15.9;25.2;0.8;16.61097312;2.0;79.5
15.08.2017;20.6;16.3;24.7;1.3;11.61751104;16.0;71.3
16.08.2017;18.3;11.6;24.7;0.9;13.90525056;0.0;67.1
17.08.2017;18.5;11.6;25.2;1.3;12.735531;0.0;72.4
18.08.2017;19.5;13.6;27.1;0.9;13.59782316;0.0;71.4
19.08.2017;21.7;14.1;30.3;1.0;14.25828708;0.0;67.3
20.08.2017;22.0;15.9;32.4;0.6;14.69196828;0.0;66.6
21.08.2017;21.8;13.9;30.6;1.0;12.9360438;0.0;65.5
22.08.2017;22.9;15.3;28.7;2.5;10.61132076;0.0;59.5
23.08.2017;18.3;14.7;22.9;2.1;10.33952976;21.0;81.0
24.08.2017;15.1;11.0;20.1;1.9;13.17370968;17.3;75.0
25.08.2017;13.7;9.7;18.2;1.1;10.55724012;1.3;87.1
26.08.2017;16.5;10.7;22.2;1.9;11.00820312;0.3;71.3
27.08.2017;16.5;10.7;22.2;1.9;11.00820312;0.3;71.3
28.08.2017;14.1;10.7;19.1;1.1;14.57905428;25.0;77.9
29.08.2017;12.1;10.4;13.2;1.8;12.09673404;36.0;96.1
30.08.2017;12.0;9.0;15.6;0.8;14.13247428;7.6;87.5
31.08.2017;11.6;5.9;16.9;0.4;9.1623816;0.0;78.9
01.09.2017;14.2;6.7;20.9;0.3;11.30920056;0.0;77.8
02.09.2017;16.3;11.6;22.1;0.9;11.77712136;0.0;82.1
03.09.2017;16.8;14.7;20.3;0.9;8.87343228;0.0;83.1
04.09.2017;15.4;11.9;19.4;0.6;12.31906464;0.0;80.0
05.09.2017;11.5;8.4;16.5;1.3;13.28472432;0.3;86.3
06.09.2017;11.7;11.1;12.9;2.9;12.61988784;24.0;96.3
07.09.2017;14.2;12.2;18.9;0.9;10.98418968;3.8;93.3
08.09.2017;13.1;10.1;17.0;1.1;11.50145424;14.0;80.6
09.09.2017;13.6;11.2;17.9;1.6;13.10810256;0.0;79.9
10.09.2017;14.5;9.7;21.5;0.6;11.91859092;0.0;79.5
11.09.2017;17.3;12.2;23.4;1.3;8.63921232;2.0;74.1
12.09.2017;19.0;13.8;26.0;0.9;11.74876164;0.0;69.1
13.09.2017;17.9;11.3;24.0;1.6;12.3741738;0.0;79.3
14.09.2017;17.7;14.7;21.0;2.4;11.99022732;0.0;67.9
15.09.2017;17.3;11.2;25.5;2.8;10.0914768;4.0;66.3
16.09.2017;12.6;8.0;18.3;1.0;10.82682252;0.0;79.3
17.09.2017;13.5;8.6;17.9;0.9;10.166067;4.0;83.6
18.09.2017;18.3;10.6;25.9;1.5;9.48054816;0.7;68.1
19.09.2017;10.9;5.8;15.4;1.9;7.20661464;0.0;75.0
20.09.2017;11.9;7.4;18.5;0.3;10.7412336;0.0;79.6
21.09.2017;10.9;7.6;13.7;2.4;10.52895312;0.0;81.0
22.09.2017;9.1;2.4;15.0;2.6;8.09532864;0.0;72.8
23.09.2017;8.9;2.9;16.1;1.1;9.13326156;0.0;81.6
24.09.2017;8.9;1.4;17.1;0.6;9.1295604;0.0;79.5
25.09.2017;10.0;6.6;15.6;0.4;5.9602014;0.0;79.0
26.09.2017;9.5;6.5;12.4;0.9;7.577847;0.0;75.8
27.09.2017;6.2;0.7;10.9;0.4;8.56780668;0.0;75.6
28.09.2017;6.7;4.0;8.5;0.8;9.14597388;0.0;76.9
29.09.2017;7.1;6.6;7.7;1.5;5.20781472;0.0;82.3
30.09.2017;7.1;4.0;10.0;0.8;7.64071776;0.0;80.4
01.10.2017;7.1;4.0;10.0;0.8;7.64071776;0.0;80.4
02.10.2017;4.3;3.3;5.5;0.5;8.13017556;0.0;79.3
03.10.2017;4.0;3.2;5.0;0.4;6.50280852;0.0;82.8
04.10.2017;3.9;0.3;10.4;1.1;6.42178044;0.0;72.9
05.10.2017;8.3;6.7;10.0;2.0;7.39030788;1.5;84.6
06.10.2017;7.6;5.0;10.0;1.3;7.3039122;20.0;97.9
07.10.2017;8.8;6.5;11.2;1.9;7.18999128;10.0;88.4
08.10.2017;8.0;2.0;13.0;1.0;6.6855402;0.8;81.6
09.10.2017;11.1;8.8;15.9;3.1;2.65009104;4.0;83.0
10.10.2017;10.4;8.0;12.3;1.5;7.4135952;19.0;84.1
11.10.2017;6.5;2.5;10.0;1.4;5.7083616;0.3;82.0
12.10.2017;7.5;4.4;9.4;1.0;6.1639236;0.3;87.9
13.10.2017;8.6;6.6;11.7;0.9;6.79067316;2.9;94.4
14.10.2017;7.8;6.7;9.4;1.1;6.42024216;21.0;94.5
15.10.2017;5.1;3.9;5.9;1.6;6.83120664;5.2;89.5
16.10.2017;5.5;4.7;6.6;2.0;5.30302572;5.6;82.1
17.10.2017;7.6;4.1;12.5;1.9;5.68314036;0.6;76.9
18.10.2017;10.6;6.2;13.2;2.4;6.00871608;0.6;73.9
19.10.2017;6.5;2.7;9.8;2.4;5.01620364;0.0;70.9
20.10.2017;3.9;1.8;6.1;0.5;4.87861956;1.2;87.9
21.10.2017;1.4;-0.2;4.1;0.8;4.2010506;2.0;84.4
22.10.2017;1.4;-0.2;4.1;0.8;4.2010506;2.0;84.4
23.10.2017;-0.5;-3.3;3.7;1.0;4.27411044;0.2;76.6
24.10.2017;-0.7;-2.9;2.0;0.6;5.24129904;0.2;87.0
25.10.2017;-0.1;-1.4;2.1;0.4;5.081787;0.0;69.1
26.10.2017;-1.3;-5.5;2.1;0.6;5.08673844;0.0;75.8
27.10.2017;-0.8;-1.4;-0.5;2.8;4.08965436;7.8;93.0
28.10.2017;-0.4;-1.0;0.1;1.1;4.65660972;2.3;97.1
29.10.2017;2.0;0.9;4.8;1.4;4.53395448;1.0;97.9
30.10.2017;5.5;4.5;6.0;2.9;4.12645428;1.6;90.6
31.10.2017;4.6;2.0;5.6;2.5;4.20373044;21.0;98.0
01.11.2017;1.1;0.7;1.6;4.3;3.58206732;12.9;90.4
02.11.2017;-1.2;-3.2;1.5;3.5;3.05720676;0.0;67.8
03.11.2017;-3.4;-7.3;1.7;0.8;2.65796748;0.0;84.5
04.11.2017;0.9;-0.2;3.3;1.1;3.28909716;0.0;86.3
05.11.2017;1.7;0.2;5.4;1.9;3.81930408;0.6;86.6
06.11.2017;3.9;3.1;5.5;1.4;2.4258654;0.0;83.6
07.11.2017;2.6;-0.6;4.8;1.6;3.69324756;0.0;87.1
08.11.2017;3.3;0.1;5.9;0.9;3.10408848;0.0;87.5
09.11.2017;-1.5;-4.5;1.5;0.6;3.22167096;0.0;97.8
10.11.2017;0.4;-2.2;3.1;1.6;2.88585432;0.2;94.3
11.11.2017;2.9;1.9;4.5;2.0;2.82430872;2.0;95.1
12.11.2017;2.9;1.4;4.5;1.8;2.70020844;14.3;96.9
13.11.2017;0.5;-2.8;3.9;1.0;2.84731452;0.0;92.4
14.11.2017;2.2;0.8;4.7;2.9;2.64382164;11.4;94.8
15.11.2017;1.4;0.7;2.5;1.9;2.80973232;0.0;82.5
16.11.2017;2.9;1.7;4.4;2.6;3.02079276;3.2;87.6
17.11.2017;1.3;0.4;2.5;2.3;2.56039596;1.5;86.0
18.11.2017;2.0;1.3;3.0;1.5;2.58310728;0.0;84.3
19.11.2017;0.8;0.1;1.7;1.4;2.47050756;9.0;98.9
20.11.2017;0.7;-0.4;1.7;0.9;1.98290628;7.0;90.3
21.11.2017;-0.1;-0.5;0.3;2.0;2.1131874;14.4;97.5
22.11.2017;-1.1;-2.4;0.0;2.6;1.83486384;4.3;92.4
23.11.2017;-3.8;-4.4;-3.0;3.4;1.5740082;0.0;86.0
24.11.2017;-4.5;-5.1;-4.1;1.0;1.92129552;0.0;90.6
25.11.2017;-6.4;-7.0;-5.6;1.4;1.99312848;0.0;94.4
26.11.2017;-5.3;-6.0;-4.6;2.3;0.85716576;0.0;94.3
27.11.2017;-4.8;-6.0;-3.6;2.4;2.28006324;0.0;88.8
28.11.2017;-5.9;-7.9;-4.0;2.0;2.22298056;0.0;88.9
29.11.2017;-4.1;-7.2;-3.1;2.5;1.99711008;0.0;91.8
30.11.2017;-2.1;-3.0;-1.6;3.4;2.04444612;0.0;93.3
01.12.2017;0.1;-1.3;0.8;3.5;1.0050876;12.6;96.1
02.12.2017;0.7;-0.2;1.4;0.8;1.50836436;7.3;98.6
03.12.2017;-0.4;-2.1;0.8;0.5;1.87241256;6.9;98.8
04.12.2017;0.5;-1.3;2.2;2.8;1.56538692;17.6;90.9
05.12.2017;-2.0;-2.8;-1.4;1.3;0.98632584;0.9;85.9
06.12.2017;-2.7;-3.7;-1.7;1.8;1.93360824;3.7;93.5
07.12.2017;-5.0;-6.2;-4.5;1.5;1.35135252;2.0;88.9
08.12.2017;-5.0;-6.2;-4.5;1.5;1.35135252;2.0;88.9
09.12.2017;-4.5;-5.5;-2.4;1.8;1.2363516;2.0;86.5
10.12.2017;0.1;-0.9;0.6;1.9;1.20766968;0.0;96.3
11.12.2017;0.7;-0.4;1.9;3.3;1.8609462;0.0;97.0
12.12.2017;0.2;-0.8;1.2;1.4;1.22901336;7.0;94.1
13.12.2017;1.1;0.3;2.3;1.3;1.87753824;2.0;97.3
14.12.2017;1.1;0.0;2.3;0.0;1.85021244;10.0;97.9
15.12.2017;2.3;0.4;3.2;0.5;1.61935848;25.0;95.3
16.12.2017;2.0;0.9;3.2;1.3;1.88203536;0.0;97.3
17.12.2017;5.9;3.9;7.1;4.1;1.93461588;13.0;94.4
18.12.2017;1.1;0.1;2.6;0.3;1.98288432;1.9;91.4
19.12.2017;-0.1;-0.6;0.4;2.8;1.5696828;21.0;98.4
20.12.2017;0.1;-0.1;0.5;0.4;1.31053572;2.1;98.8
21.12.2017;-0.3;-0.8;0.1;0.0;1.28941596;0.1;98.4
22.12.2017;-1.9;-4.2;-0.3;0.0;1.5750396;2.5;95.0
23.12.2017;-3.9;-4.8;-3.2;0.0;1.35547632;1.2;93.3
24.12.2017;-2.8;-3.4;-0.9;2.0;1.51669584;2.8;92.3
25.12.2017;-2.0;-3.0;-0.6;3.8;1.4770836;3.4;80.6
26.12.2017;-3.7;-6.4;2.6;2.5;1.3769694;2.1;83.5
27.12.2017;2.7;1.9;3.7;2.1;1.10099088;5.0;88.0
28.12.2017;1.3;1.0;1.9;0.8;1.26944532;0.3;96.1
29.12.2017;1.4;0.6;2.7;1.6;1.43656056;0.3;98.1
30.12.2017;1.9;0.6;3.5;2.6;1.94651532;0.0;97.9
31.12.2017;1.2;0.5;2.1;1.4;1.92770208;1.2;94.5
01.01.2018;-1.5;-11.3;2.0;0.9;2.30093316;1.9;97.3
02.01.2018;2.2;1.1;3.4;1.8;2.24751492;0.0;83.3
03.01.2018;2.4;1.6;3.3;1.9;2.02198716;0.0;93.6
04.01.2018;1.2;0.5;3.3;3.1;2.47438548;0.0;84.5
05.01.2018;-2.0;-3.0;-0.7;2.1;2.60814132;11.0;91.6
06.01.2018;-0.5;-2.0;1.7;1.6;2.0146266;4.6;96.0
07.01.2018;2.1;-1.0;3.1;2.5;2.15408916;1.2;86.5
08.01.2018;-2.4;-3.5;-1.1;4.3;2.6035452;0.6;75.4
09.01.2018;-3.9;-5.5;-2.9;3.4;2.58040584;1.2;72.0
10.01.2018;-4.8;-9.5;-2.0;0.9;2.7025614;0.0;81.3
11.01.2018;-5.7;-8.4;-3.4;0.6;2.66930676;7.2;93.1
12.01.2018;-6.4;-7.0;-5.8;1.4;2.97797076;0.7;86.5
13.01.2018;-9.0;-10.4;-7.5;1.0;3.00883608;1.5;87.1
14.01.2018;-6.7;-9.0;-5.0;1.0;3.26942964;0.8;91.4
15.01.2018;-5.6;-8.5;-4.0;1.1;3.4778448;1.3;94.5
16.01.2018;-8.3;-8.8;-7.6;3.1;3.648654;0.0;84.5
17.01.2018;-8.6;-10.1;-7.5;4.1;3.16965204;0.0;85.5
18.01.2018;-6.3;-9.2;-4.3;3.5;3.745386;10.6;86.1
19.01.2018;-10.3;-11.0;-9.4;4.3;2.8236744;1.0;64.0
20.01.2018;-7.7;-10.2;-3.9;2.6;2.07364356;12.0;91.1
21.01.2018;-3.6;-6.1;-1.9;1.6;3.5386812;1.4;87.5
22.01.2018;-12.5;-19.0;-6.0;1.0;4.2706746;0.5;81.5
23.01.2018;-12.9;-16.5;-10.5;0.4;4.08086604;0.0;89.6
24.01.2018;-9.6;-13.0;-7.5;0.9;4.04740692;0.0;93.5
25.01.2018;-10.4;-12.0;-8.7;2.0;4.27425948;0.0;87.1
26.01.2018;-10.4;-12.0;-8.7;2.0;4.27425948;0.0;87.1
27.01.2018;-8.2;-10.2;-4.4;2.1;2.26028592;0.0;75.5
28.01.2018;-8.2;-9.4;-7.0;2.4;3.28093452;2.0;81.5
29.01.2018;-7.1;-8.4;-5.8;2.0;4.04109504;8.0;86.8
30.01.2018;-4.3;-6.2;-0.2;2.0;4.84130376;8.8;90.0
31.01.2018;-1.8;-3.2;-0.1;2.0;5.1503202;15.0;97.4
01.02.2018;-7.7;-12.6;-3.6;2.5;4.7240388;2.6;86.5
02.02.2018;-10.3;-15.6;-4.0;1.6;4.21155252;0.0;89.9
03.02.2018;-1.0;-3.3;1.3;1.5;2.95928496;0.9;96.5
04.02.2018;0.1;-1.9;1.2;1.1;2.11606092;25.1;98.0
05.02.2018;-10.0;-12.8;-4.2;2.6;3.5194104;32.0;90.3
06.02.2018;-14.4;-18.6;-10.2;1.1;4.31416404;4.3;86.8
07.02.2018;-15.7;-19.3;-7.4;1.0;5.5092204;0.0;86.9
08.02.2018;-14.4;-20.0;-7.5;0.6;5.37768576;0.0;87.5
09.02.2018;-6.3;-8.2;-4.3;2.6;5.8673772;0.2;88.8
10.02.2018;-7.4;-10.4;-4.1;3.3;4.23818532;0.2;75.6
11.02.2018;-4.9;-6.0;-4.0;3.1;4.87205892;0.2;80.5
12.02.2018;-7.0;-11.3;-3.9;1.6;6.78268944;2.0;67.6
13.02.2018;-13.9;-18.4;-7.5;0.0;6.98752044;0.0;83.9
14.02.2018;-13.8;-18.5;-8.3;0.5;6.96921696;0.0;85.6
15.02.2018;-9.9;-12.2;-7.8;1.4;7.35703776;0.8;85.9
16.02.2018;-6.4;-7.8;-3.5;1.8;6.7258314;1.8;88.9
17.02.2018;-5.0;-5.8;-4.2;2.1;7.83009324;5.0;86.4
18.02.2018;-5.2;-5.7;-4.3;1.6;7.06827096;9.0;94.4
19.02.2018;-5.2;-5.7;-4.3;1.6;7.06827096;9.0;94.4
20.02.2018;-4.2;-7.7;-1.2;0.9;8.41070052;1.4;85.4
21.02.2018;-10.9;-15.5;-5.2;1.6;8.49032388;0.6;85.3
22.02.2018;-13.5;-19.3;-8.4;1.0;8.9272458;0.0;78.9
23.02.2018;-18.7;-25.8;-8.9;0.1;8.5691934;0.0;81.5
24.02.2018;-16.8;-22.7;-8.7;0.3;8.81142192;0.2;78.3
25.02.2018;-13.2;-18.7;-8.8;1.0;7.55829216;0.2;76.9
26.02.2018;-16.8;-21.1;-12.0;0.9;9.25364988;1.0;77.3
27.02.2018;-19.9;-27.0;-12.6;0.5;9.40219272;0.2;75.9
28.02.2018;-17.0;-21.8;-12.1;1.5;9.9653958;0.0;68.9
01.03.2018;-14.7;-18.7;-8.9;1.9;9.96422976;0.0;65.8
02.03.2018;-12.7;-14.9;-9.9;2.4;9.2528316;0.0;65.8
03.03.2018;-11.5;-14.4;-8.6;1.9;9.82902816;0.8;81.1
04.03.2018;-9.2;-10.4;-7.6;3.1;10.44897192;22.0;87.1
05.03.2018;-9.7;-12.4;-6.8;2.3;11.01735612;3.6;80.3
06.03.2018;-12.9;-19.1;-7.8;0.8;10.92203604;0.0;67.1
07.03.2018;-9.1;-14.1;-5.0;3.0;10.2544128;1.0;70.3
08.03.2018;-5.7;-10.3;-0.4;1.9;9.0994824;0.0;60.8
09.03.2018;-8.9;-15.9;-1.4;0.9;10.35051696;0.0;63.0
10.03.2018;-6.9;-9.8;-4.4;2.9;10.96611048;0.0;55.0
11.03.2018;-7.6;-11.6;-4.4;2.0;12.22723044;0.0;57.1
12.03.2018;-5.9;-6.9;-4.6;1.9;12.57571656;0.0;78.0
13.03.2018;-2.7;-7.1;0.5;3.3;12.04895484;2.0;65.4
14.03.2018;-2.7;-7.1;0.5;3.3;12.04895484;2.0;65.4
15.03.2018;-3.4;-5.7;-1.2;1.8;11.21782932;4.3;75.0
16.03.2018;-6.7;-10.4;-3.2;1.8;11.27556396;4.0;62.1
17.03.2018;-14.4;-23.3;-8.8;0.6;11.1426768;0.0;66.6
18.03.2018;-12.7;-20.0;-6.0;1.3;13.1176818;0.0;58.1
19.03.2018;-8.1;-12.5;-1.9;2.4;12.97296036;0.0;51.0
20.03.2018;-5.6;-13.6;3.2;1.5;13.26425796;0.0;53.9
21.03.2018;-4.7;-8.1;-1.8;0.5;12.23330724;3.3;71.6
22.03.2018;-2.6;-7.0;0.9;1.0;9.45266292;5.0;78.6
23.03.2018;-2.0;-5.1;2.0;1.8;10.1956158;4.0;77.5
24.03.2018;-2.1;-9.8;2.3;1.3;15.08396652;0.4;68.4
25.03.2018;-1.7;-12.7;4.8;1.8;14.97627612;0.0;61.6
26.03.2018;3.1;1.2;4.8;2.3;15.76464084;0.0;60.0
27.03.2018;-3.9;-10.3;1.1;1.9;15.02575668;4.3;79.1
28.03.2018;-7.3;-15.6;-1.1;1.0;13.1263488;0.0;63.1
29.03.2018;-5.1;-12.4;0.8;0.9;10.8053568;0.0;50.5
30.03.2018;-2.8;-5.0;0.5;2.1;14.21388972;3.0;55.5
31.03.2018;0.8;-2.7;2.6;1.0;12.1577238;4.3;85.6
01.04.2018;0.8;-2.7;2.6;1.0;12.1577238;4.3;85.6
02.04.2018;2.4;1.2;3.4;3.6;14.12168652;0.6;90.4
03.04.2018;2.9;1.4;5.7;2.1;11.08973052;0.8;87.5
04.04.2018;2.5;-3.1;5.6;1.5;16.52898168;0.0;69.3
05.04.2018;2.3;-4.3;8.0;0.6;14.10334524;0.0;67.8
06.04.2018;3.9;-0.1;8.8;1.5;16.22980188;0.0;70.5
07.04.2018;6.7;2.6;11.4;3.0;16.78407192;1.8;65.6
08.04.2018;4.3;-2.1;10.2;2.0;17.5761;0.0;56.9
09.04.2018;8.9;0.6;18.2;1.9;17.76268296;0.0;45.3
10.04.2018;14.2;6.0;21.0;2.6;15.15642732;0.0;45.4
11.04.2018;5.4;0.9;14.3;3.5;17.75615616;3.5;63.6
12.04.2018;2.7;-4.2;9.9;0.5;16.89018912;0.0;49.9
13.04.2018;4.7;-2.6;11.6;1.8;9.93378348;0.0;48.8
14.04.2018;5.2;-2.4;11.7;1.0;11.00556036;0.0;50.3
15.04.2018;8.0;-0.9;16.8;1.4;11.32197732;0.0;51.5
16.04.2018;10.7;0.0;20.8;0.8;10.319661;0.0;56.6
17.04.2018;14.0;8.4;19.8;0.6;16.70926284;12.0;68.6
18.04.2018;10.4;7.0;13.4;1.4;15.14644812;25.0;90.9
19.04.2018;8.8;6.7;12.6;2.5;18.86132628;27.9;79.0
20.04.2018;11.0;5.9;16.0;2.8;17.28023724;0.0;45.1
21.04.2018;12.2;6.7;20.2;3.8;19.91151396;8.3;62.8
22.04.2018;3.1;1.0;4.7;3.8;12.2881536;13.0;68.9
23.04.2018;3.7;-2.4;8.0;2.4;16.50418056;0.0;45.4
24.04.2018;6.6;-1.3;12.0;0.5;19.44836352;0.0;45.0
25.04.2018;9.0;5.8;12.8;1.3;18.37751148;0.6;79.0
26.04.2018;9.5;5.1;15.9;2.9;17.9906238;6.8;76.1
27.04.2018;11.4;4.7;15.5;1.1;14.75611704;0.0;56.6
28.04.2018;11.4;4.7;15.5;1.1;14.75611704;0.0;56.6
29.04.2018;10.2;5.8;13.8;1.6;19.40085864;0.0;56.5
30.04.2018;11.6;5.8;16.9;0.9;19.91796336;0.0;54.3
01.05.2018;16.5;10.6;23.8;1.3;17.88054264;8.3;74.6
02.05.2018;22.0;15.0;27.4;1.5;19.79277732;0.0;40.9
03.05.2018;21.0;12.7;28.1;1.0;16.93847988;0.0;57.3
04.05.2018;18.2;11.5;26.7;1.3;18.325575;0.0;44.9
05.05.2018;15.9;10.5;22.2;1.1;15.22133424;0.3;55.4
06.05.2018;18.1;14.1;23.6;1.4;20.89660788;24.3;73.0
07.05.2018;15.0;12.1;19.1;1.1;21.52742508;1.1;73.4
08.05.2018;15.0;6.7;23.8;0.1;23.34526344;0.0;62.9
09.05.2018;15.4;9.4;23.3;1.0;22.1996196;0.0;53.9
10.05.2018;10.8;5.4;17.4;1.3;20.01062988;0.0;47.1
11.05.2018;10.8;4.2;19.2;1.0;20.27443716;0.0;46.4
12.05.2018;17.3;11.7;24.4;1.8;24.14164032;0.0;39.6
13.05.2018;16.2;7.0;24.5;0.9;19.17178596;0.0;56.0
14.05.2018;19.5;8.8;25.8;0.8;19.89001944;0.0;50.4
15.05.2018;16.6;9.3;20.7;0.1;18.58778244;0.6;74.5
16.05.2018;17.1;10.1;23.7;0.1;20.62654452;0.0;70.1
17.05.2018;19.3;10.7;26.2;0.8;16.91111088;0.0;65.0
18.05.2018;19.9;15.8;25.7;1.1;17.30987244;12.0;71.5
19.05.2018;15.5;14.4;18.9;1.1;23.9194548;34.0;91.3
20.05.2018;11.9;10.4;13.7;0.8;21.61711584;25.0;94.9
21.05.2018;13.5;6.5;19.7;1.1;22.56923484;0.0;63.1
22.05.2018;15.2;7.5;21.1;1.6;20.76526404;0.0;66.0
23.05.2018;18.8;11.1;25.0;0.4;25.03557612;0.0;68.8
24.05.2018;18.3;13.4;22.9;0.6;25.3892988;0.0;64.0
25.05.2018;13.8;6.4;18.5;1.5;25.19779032;0.0;54.5
26.05.2018;13.7;6.5;19.9;0.6;26.32534092;0.0;52.3
27.05.2018;18.1;11.9;22.7;1.5;26.51485608;0.0;50.9
28.05.2018;13.5;4.5;18.3;1.0;24.05277756;0.0;53.6
29.05.2018;17.1;13.4;21.7;1.1;24.73476696;0.0;48.4
30.05.2018;18.5;11.3;24.9;1.8;24.95184264;0.0;49.0
31.05.2018;9.2;5.4;13.1;1.6;23.79664872;0.0;51.6
01.06.2018;10.3;4.9;17.6;0.8;21.39485256;0.0;54.1
02.06.2018;10.3;4.9;17.6;0.8;21.39485256;0.0;54.1
03.06.2018;20.5;12.3;25.2;1.6;23.9817024;0.0;45.6
04.06.2018;20.1;15.7;25.7;1.8;23.05948536;0.0;54.3
05.06.2018;15.0;12.2;20.5;1.4;22.62016944;9.3;72.9
06.06.2018;9.4;5.2;12.9;2.0;23.0021226;8.8;69.0
07.06.2018;10.0;3.9;15.8;0.8;22.04140608;1.0;62.8
08.06.2018;12.2;8.0;17.6;1.8;23.91971652;4.0;66.0
09.06.2018;11.2;7.7;14.9;1.1;22.80789504;6.0;65.3
10.06.2018;9.3;3.6;13.7;0.5;21.89379204;1.0;75.8
11.06.2018;12.1;7.1;20.1;0.4;23.28985908;1.0;75.3
12.06.2018;17.0;12.2;24.6;0.9;22.46869872;5.0;64.3
13.06.2018;17.0;14.1;20.1;1.1;24.16254948;13.0;78.5
14.06.2018;14.1;9.3;17.7;0.5;25.7618934;0.0;63.4
15.06.2018;14.2;8.6;19.8;1.1;25.60148424;0.0;60.0
16.06.2018;16.8;7.2;22.9;0.6;25.93100916;0.0;50.8
17.06.2018;18.3;9.0;24.8;0.6;25.450047;0.0;56.6
18.06.2018;20.7;11.0;27.7;0.3;20.0279178;0.0;57.3
19.06.2018;20.3;12.1;26.0;0.6;24.67917252;0.0;69.6
20.06.2018;19.8;17.7;23.5;1.6;24.97377672;0.6;54.5
21.06.2018;19.2;9.9;24.9;1.0;25.46723844;0.0;53.0
22.06.2018;22.5;12.9;30.3;1.1;22.73900436;0.0;59.4
23.06.2018;24.7;17.7;32.4;1.0;24.2502786;0.0;54.6
24.06.2018;23.7;17.8;29.9;1.4;23.81758776;0.0;54.5
25.06.2018;18.0;14.1;23.3;0.9;22.34329632;12.0;68.0
26.06.2018;19.3;11.4;25.3;0.0;24.6325572;0.0;62.6
27.06.2018;20.9;14.3;26.7;0.4;24.13429272;0.0;53.4
28.06.2018;21.1;13.2;27.0;0.3;24.11089272;0.0;53.9
29.06.2018;21.1;13.1;27.3;0.6;17.21574324;0.0;59.4
30.06.2018;22.8;16.3;29.6;1.3;18.95867064;0.0;63.6
01.07.2018;21.7;18.5;28.4;1.8;25.29984744;18.0;77.8
02.07.2018;19.2;15.4;23.5;0.9;24.04436292;1.1;65.8
03.07.2018;17.4;13.0;22.1;1.1;24.44536224;0.0;60.0
04.07.2018;19.0;13.8;25.7;1.3;22.97988792;1.0;59.4
05.07.2018;16.9;13.2;21.9;1.3;22.42352808;1.3;74.3
06.07.2018;18.7;12.9;25.2;0.8;22.96202688;2.0;71.6
07.07.2018;20.4;14.5;25.2;0.6;22.58436636;0.0;63.8
08.07.2018;17.3;15.6;19.8;0.0;22.63680864;36.0;87.8
09.07.2018;17.7;13.6;20.4;0.5;23.58869076;10.0;83.3
10.07.2018;18.8;15.2;22.7;0.5;22.37397372;0.0;79.9
11.07.2018;19.9;16.5;23.4;0.5;22.48513056;0.0;79.5
12.07.2018;21.3;16.0;26.4;0.1;20.84537808;0.0;69.0
13.07.2018;20.8;13.8;26.1;0.1;17.50483836;0.0;68.3
14.07.2018;21.4;15.0;26.5;0.3;15.98118768;0.0;72.6
15.07.2018;23.1;17.9;28.1;0.8;18.58303116;0.0;70.1
16.07.2018;23.7;18.3;29.3;0.8;19.15774272;0.2;70.4
17.07.2018;24.5;18.9;29.8;1.1;20.4787494;19.0;70.0
18.07.2018;20.4;18.8;22.7;1.0;22.01378544;26.5;88.8
19.07.2018;20.5;18.9;21.5;1.6;20.4953976;22.0;89.1
20.07.2018;22.2;20.1;26.5;1.6;19.37061576;19.4;86.8
21.07.2018;21.9;19.4;25.1;2.1;20.47710924;8.0;82.8
22.07.2018;21.1;19.6;24.2;3.0;20.53098648;0.0;82.9
23.07.2018;18.6;17.5;19.9;2.3;18.3967434;0.6;83.5
24.07.2018;18.5;15.7;22.5;1.6;20.2220946;0.0;86.0
25.07.2018;19.2;16.9;23.5;2.4;12.78342072;0.7;75.8
26.07.2018;23.2;18.6;28.5;1.1;14.219694;0.1;66.1
27.07.2018;24.6;20.8;28.2;0.4;16.99977492;0.0;67.0
28.07.2018;24.0;19.7;30.4;0.5;18.09615744;16.0;71.8
29.07.2018;21.6;19.2;25.3;0.8;22.79281284;0.0;76.4
30.07.2018;18.1;13.5;21.8;1.0;23.68840428;0.0;76.4
31.07.2018;19.7;13.1;25.5;0.8;22.61573604;0.0;65.5
01.08.2018;20.8;11.9;28.1;0.4;21.4683678;0.0;63.6
02.08.2018;22.3;14.2;29.7;0.0;19.3283928;0.0;64.4
03.08.2018;22.6;15.2;29.6;0.4;18.17485848;0.0;63.9
04.08.2018;22.6;15.5;29.8;0.4;21.95224812;0.0;68.0
05.08.2018;22.2;16.8;29.1;0.5;18.68733648;5.0;68.3
06.08.2018;21.1;15.0;26.8;0.5;18.787356;5.0;71.4
07.08.2018;18.8;13.9;24.2;0.5;19.47873708;0.0;71.8
08.08.2018;18.0;14.0;22.2;1.1;20.1501054;0.0;65.4
09.08.2018;17.2;10.9;24.1;0.4;19.41728544;0.0;64.9
10.08.2018;19.9;11.4;27.8;0.3;22.01469624;0.0;64.1
11.08.2018;20.8;12.6;28.4;0.8;20.55580668;0.0;60.0
12.08.2018;20.8;12.4;27.7;1.0;20.11060548;0.0;59.8
13.08.2018;18.8;14.0;22.4;1.6;20.65210308;0.0;58.3
14.08.2018;18.8;13.5;24.3;0.6;14.68964628;0.0;59.1
15.08.2018;18.5;12.9;24.2;0.8;16.95092184;12.0;79.8
16.08.2018;19.6;16.8;22.9;0.9;19.16394264;2.0;79.3
17.08.2018;17.6;12.3;23.3;0.0;16.97561532;0.0;70.0
18.08.2018;17.0;9.8;23.7;0.4;18.94426884;0.0;66.5
19.08.2018;18.7;10.5;27.1;0.6;15.93785556;0.0;64.8
20.08.2018;21.1;16.1;27.3;0.6;13.722597;0.0;63.0
21.08.2018;18.5;14.5;27.4;1.3;18.67318776;6.0;80.5
22.08.2018;15.2;10.7;18.9;1.9;18.0424512;0.0;62.6
23.08.2018;13.9;6.5;20.6;0.9;17.02559196;0.0;64.1
24.08.2018;15.3;7.3;23.3;0.5;18.8205786;0.0;68.3
25.08.2018;17.1;7.5;26.8;0.4;18.11656224;0.0;64.9
26.08.2018;18.5;9.4;28.2;0.5;17.90577432;0.0;61.1
27.08.2018;19.3;9.9;29.4;0.3;16.7869476;0.0;61.9
28.08.2018;20.1;10.0;30.5;0.3;17.53887492;0.0;61.6
29.08.2018;20.9;12.4;30.0;0.8;15.48661284;0.0;57.6
30.08.2018;20.2;13.9;29.4;0.9;11.85189624;5.0;58.4
31.08.2018;17.6;13.0;22.1;0.8;11.91407868;6.8;78.0
01.09.2018;17.3;9.7;24.2;0.0;10.57718052;0.0;77.4
02.09.2018;17.8;11.3;25.1;0.1;10.16483832;0.0;71.8
03.09.2018;16.9;10.8;22.5;0.8;10.36660608;0.0;73.8
04.09.2018;17.7;11.6;24.3;1.3;10.93548348;0.0;69.3
05.09.2018;18.3;10.9;26.3;1.4;12.22910244;0.0;65.4
06.09.2018;17.4;9.9;23.8;0.6;13.66339824;0.0;63.3
07.09.2018;16.5;8.5;25.3;0.3;14.2406244;0.0;63.6
08.09.2018;16.0;6.9;25.5;0.1;13.090383;0.0;62.6
09.09.2018;16.1;6.8;25.4;0.3;8.4226572;0.0;62.8
10.09.2018;14.6;11.0;19.2;0.4;9.2095866;0.1;79.3
11.09.2018;17.9;13.1;25.1;1.0;10.29064752;0.6;72.4
12.09.2018;18.8;13.7;22.3;1.3;12.98169144;0.0;54.3
13.09.2018;15.2;6.0;21.3;1.3;13.9803426;0.0;66.5
14.09.2018;12.9;5.2;21.0;0.1;11.53618344;0.0;72.0
15.09.2018;16.3;10.5;23.7;0.1;9.57885912;0.0;65.0
16.09.2018;13.7;9.6;18.2;0.8;13.98346524;7.0;83.1
17.09.2018;12.6;8.8;17.8;0.9;11.405628;0.3;64.1
18.09.2018;12.2;7.5;17.3;1.4;12.01941468;2.3;76.4
19.09.2018;16.7;11.3;23.4;1.4;10.92275244;0.0;69.8
20.09.2018;16.7;11.3;23.4;1.4;10.92275244;0.0;69.8
21.09.2018;15.5;7.7;24.2;0.8;11.462958;0.0;75.5
22.09.2018;16.2;9.7;25.0;0.0;11.21078664;0.0;78.4
23.09.2018;20.8;16.0;27.2;1.3;11.76851952;0.0;52.3
24.09.2018;8.1;3.8;11.1;0.6;10.777005;6.0;91.9
25.09.2018;10.3;8.1;13.2;2.5;12.18891456;25.0;83.1
26.09.2018;7.0;4.8;9.5;2.5;11.98010556;1.1;82.3
27.09.2018;7.6;5.1;11.4;2.1;11.90174328;10.0;69.0
28.09.2018;9.9;6.5;13.7;3.8;10.16796096;6.0;70.4
29.09.2018;9.6;4.2;15.5;2.5;10.22828904;0.6;73.1
30.09.2018;3.7;-1.9;9.8;0.6;10.6825446;0.0;77.9
01.10.2018;8.1;5.3;12.9;1.4;10.69561224;0.0;61.6
02.10.2018;7.8;2.0;15.2;0.6;9.34788528;0.0;72.3
03.10.2018;7.2;6.3;8.3;0.9;8.00393832;5.0;96.1
04.10.2018;7.6;6.0;8.5;1.4;10.25308404;19.3;92.6
05.10.2018;5.4;3.1;6.9;1.8;10.09289988;8.0;80.6
06.10.2018;7.0;1.0;13.4;1.9;8.73272808;2.0;82.5
07.10.2018;11.3;7.0;18.0;1.8;8.6441598;0.0;76.1
08.10.2018;12.0;7.3;14.9;2.6;8.92310976;4.0;71.9
09.10.2018;2.8;-2.3;9.4;0.1;8.64879696;1.1;82.8
10.10.2018;6.6;2.3;14.8;1.0;8.3411568;0.0;72.5
11.10.2018;11.7;9.1;14.7;1.3;8.90078724;0.0;64.5
12.10.2018;7.1;-0.3;15.9;0.4;8.0197092;0.0;74.3
13.10.2018;10.5;6.7;15.8;2.0;7.74157068;0.0;75.8
14.10.2018;10.7;6.0;18.9;0.9;5.65894908;0.0;85.4
15.10.2018;13.6;8.0;19.7;0.8;7.27994268;0.0;78.5
16.10.2018;9.4;2.8;18.8;0.6;7.74265788;0.0;80.6
17.10.2018;11.2;7.3;18.7;0.3;7.06951584;0.0;67.9
18.10.2018;8.3;1.1;19.8;0.4;6.0811344;0.0;81.9
19.10.2018;10.4;5.7;18.4;0.5;5.43206412;0.0;84.4
20.10.2018;9.3;3.8;12.9;0.5;7.01157564;0.0;79.5
21.10.2018;5.3;2.2;7.4;0.1;6.16202244;0.0;79.3
22.10.2018;6.3;4.5;9.6;0.5;6.96060612;0.0;66.8
23.10.2018;2.4;0.6;5.0;0.9;6.12721584;0.0;80.6
24.10.2018;4.6;4.0;5.8;1.3;6.76571652;3.6;94.5
25.10.2018;4.8;4.3;6.0;0.9;6.22688688;2.8;94.9
26.10.2018;2.4;0.8;3.4;1.5;6.29162964;0.0;81.8
27.10.2018;2.4;0.2;5.6;1.0;6.19487136;0.0;78.1
28.10.2018;5.9;3.5;8.8;2.5;5.31907236;16.0;82.4
29.10.2018;3.2;1.1;6.7;2.3;5.53544856;0.0;80.8
30.10.2018;-0.6;-1.8;0.8;3.3;5.45880528;4.0;79.5
31.10.2018;-1.5;-3.6;1.0;2.9;5.00064156;0.0;76.9
01.11.2018;2.1;0.8;4.5;1.9;3.38435712;0.0;80.8
02.11.2018;4.5;2.3;8.3;1.8;4.18994964;0.0;80.0
03.11.2018;7.0;5.5;8.9;1.5;3.1924116;0.0;79.8
04.11.2018;8.2;7.4;9.2;1.9;4.79665944;15.0;87.4
05.11.2018;5.0;4.0;7.2;0.6;3.93750828;0.0;75.4
06.11.2018;-0.3;-2.3;3.5;0.8;3.82140792;0.0;97.6
07.11.2018;0.5;-1.3;3.1;0.6;3.78236628;0.0;98.8
08.11.2018;3.0;2.7;3.3;1.4;2.71033056;0.4;96.6
09.11.2018;2.1;1.6;2.7;0.0;3.36780324;2.0;98.6
10.11.2018;1.7;1.3;2.3;1.0;2.37505932;4.3;97.4
11.11.2018;-1.9;-5.6;2.1;4.0;4.8116682;1.0;77.9
12.11.2018;-6.8;-9.7;-2.7;2.1;4.5153216;0.0;73.1
13.11.2018;-6.6;-9.2;-2.0;1.6;4.28652036;0.0;68.5
14.11.2018;-4.5;-6.4;-1.4;2.0;3.31752492;0.0;63.0
15.11.2018;-0.8;-3.1;0.9;1.8;3.61534824;0.0;57.8
16.11.2018;-6.0;-10.1;0.4;0.1;4.09834188;0.0;72.5
17.11.2018;-5.0;-9.4;2.8;0.6;2.89248516;0.0;67.4
18.11.2018;0.5;-0.7;1.5;1.6;3.35074716;1.3;75.1
19.11.2018;1.0;0.5;2.6;0.0;3.24383544;0.8;96.5
20.11.2018;-1.1;-3.0;1.5;0.8;2.90558808;0.0;87.4
21.11.2018;-2.1;-3.6;0.3;2.4;3.17775816;0.0;81.8
22.11.2018;-1.9;-2.8;-0.5;3.1;3.08998224;0.0;75.4
23.11.2018;-1.7;-4.6;0.3;3.0;3.19843656;0.7;69.6
24.11.2018;-1.9;-4.0;-1.0;2.9;2.84640192;0.0;70.9
25.11.2018;-2.6;-3.7;-1.5;1.9;2.96888796;1.0;79.9
26.11.2018;-3.5;-5.1;-1.8;1.1;2.80809144;2.0;86.4
27.11.2018;-4.7;-7.6;-3.3;1.1;2.99852172;1.2;86.4
28.11.2018;-6.0;-7.5;-4.6;1.0;2.45654352;0.8;90.3
29.11.2018;-9.4;-11.1;-6.6;2.0;2.70055116;0.8;85.3
30.11.2018;-11.8;-16.0;-5.7;0.6;3.0939444;0.0;81.6
01.12.2018;-15.2;-17.3;-12.2;0.8;2.52812016;0.0;88.0
02.12.2018;-7.6;-13.1;-4.9;2.9;1.81088064;5.0;83.1
03.12.2018;-4.9;-5.1;-4.6;1.6;2.14355808;5.0;85.1
04.12.2018;-7.9;-11.0;-5.6;1.9;1.7257266;0.0;80.9
05.12.2018;-2.8;-4.6;-1.7;2.3;1.59035472;0.0;84.9
06.12.2018;-2.6;-3.2;-1.9;1.0;2.1804606;3.0;96.9
07.12.2018;-2.7;-3.7;-2.0;0.6;1.97501544;6.6;96.8
08.12.2018;-3.8;-4.3;-3.1;0.5;1.78160256;0.0;95.3
09.12.2018;-5.1;-7.3;-3.8;1.5;2.06757216;2.0;94.8
10.12.2018;0.1;-2.3;1.5;1.5;1.92916476;8.0;96.8
11.12.2018;0.2;-0.4;1.2;1.0;2.14538976;8.0;98.0
12.12.2018;0.1;-0.2;0.5;0.5;1.59255792;1.0;98.5
13.12.2018;-0.8;-2.2;-0.1;2.3;1.47031848;6.2;96.8
14.12.2018;-2.8;-3.4;-2.3;1.6;1.65410604;4.3;94.1
15.12.2018;-3.1;-5.0;-2.4;2.0;1.49849244;0.3;94.0
16.12.2018;-10.3;-13.7;-6.1;0.9;2.223045;0.2;92.8
17.12.2018;-15.8;-19.2;-14.2;0.3;2.22466032;0.2;89.8
18.12.2018;-12.6;-14.5;-10.3;0.6;2.05774668;3.0;92.5
19.12.2018;-8.4;-10.4;-6.9;0.4;1.903896;3.1;95.9
20.12.2018;-10.0;-12.0;-6.9;1.1;2.21485572;2.4;90.6
21.12.2018;-10.2;-11.9;-8.8;1.4;1.77353532;0.9;93.3
22.12.2018;-8.0;-10.1;-6.8;2.5;2.1635784;16.0;94.1
23.12.2018;-8.8;-9.7;-8.3;2.9;2.05206264;1.4;92.5
24.12.2018;-8.3;-8.7;-8.0;1.9;1.93714524;5.5;91.4
25.12.2018;-9.2;-11.0;-7.0;0.5;1.87063992;9.0;93.3
26.12.2018;-7.6;-8.8;-6.0;0.4;2.07287532;2.4;94.8
27.12.2018;-10.3;-12.5;-7.5;0.6;2.07628956;4.0;93.4
28.12.2018;-8.3;-9.8;-7.0;0.4;2.19739824;2.1;92.4
29.12.2018;-7.9;-14.5;-6.2;0.1;1.72927584;0.2;93.0
30.12.2018;-11.5;-18.5;-2.8;0.6;2.14932564;0.0;92.8
31.12.2018;-4.2;-6.6;-2.4;1.9;2.14605216;1.5;86.8
01.01.2019;-7.6;-11.3;-4.9;1.6;2.1603024;0.6;92.0
02.01.2019;-3.7;-4.1;-3.4;3.3;2.1199086;2.5;87.8
03.01.2019;-3.2;-3.6;-2.8;2.4;2.13125688;7.0;94.3
04.01.2019;-3.1;-4.4;-1.8;2.0;2.16628668;15.0;96.9
05.01.2019;-5.8;-7.4;-4.6;0.3;2.30463;2.0;90.9
06.01.2019;-7.6;-8.4;-6.9;0.6;2.30550768;1.2;90.4
07.01.2019;-11.1;-14.9;-8.7;1.1;2.46158532;1.0;87.0
08.01.2019;-13.3;-17.4;-10.8;1.6;2.52186912;0.2;84.4
09.01.2019;-12.5;-17.0;-10.9;1.1;2.623266;0.0;81.6
10.01.2019;-11.0;-17.0;-7.0;0.8;2.08362456;0.7;90.9
11.01.2019;-12.2;-17.1;-8.8;0.3;2.49216444;2.1;89.9
12.01.2019;-13.6;-18.5;-10.2;1.0;2.81074356;1.0;85.4
13.01.2019;-8.5;-10.8;-4.6;1.1;2.85680124;2.7;86.3
14.01.2019;-3.1;-4.6;-2.2;2.5;2.55990708;2.0;88.0
15.01.2019;-1.5;-2.6;0.1;3.0;2.73629808;3.0;83.9
16.01.2019;-9.3;-14.3;-3.5;0.8;3.04303716;2.4;91.9
17.01.2019;-6.5;-11.9;-3.7;2.4;3.08115144;0.6;87.3
18.01.2019;0.4;-2.9;2.3;3.5;2.9618496;2.9;81.5
19.01.2019;-2.4;-8.5;1.7;2.4;3.40289424;0.6;78.0
20.01.2019;-5.9;-9.2;-3.4;2.5;3.34525572;0.8;77.0
21.01.2019;-5.6;-7.1;-4.8;2.1;3.5561682;2.2;81.5
22.01.2019;-14.3;-17.8;-10.7;1.5;3.80037996;0.2;80.6
23.01.2019;-18.8;-21.8;-13.4;0.3;4.05506916;0.0;83.4
24.01.2019;-19.1;-21.2;-14.0;0.5;3.84628752;0.0;82.8
25.01.2019;-16.7;-21.0;-11.3;0.3;3.81036708;0.0;85.0
26.01.2019;-15.5;-19.6;-10.3;1.5;2.8230156;8.0;86.1
27.01.2019;-9.1;-9.9;-8.5;3.1;3.72227868;18.0;85.4
28.01.2019;-8.3;-9.8;-6.8;1.4;3.8097126;3.5;85.3
29.01.2019;-5.7;-7.0;-3.8;2.4;3.30490116;0.0;92.1
30.01.2019;-4.2;-5.2;-2.6;1.9;2.85637752;0.2;92.9
31.01.2019;-1.5;-2.9;-0.7;1.6;2.5212492;3.8;95.5
01.02.2019;-3.9;-5.8;-1.6;1.9;3.19808052;0.0;92.6
02.02.2019;-6.4;-7.5;-5.5;1.1;3.64266252;3.0;94.9
03.02.2019;-4.2;-5.8;-1.5;1.6;3.51332388;3.0;96.5
04.02.2019;1.4;-0.2;2.4;1.0;2.94955308;1.0;97.9
05.02.2019;1.2;-1.1;2.4;1.6;4.7348604;4.0;83.3
06.02.2019;-2.3;-5.3;-0.4;0.9;4.38397596;4.0;87.4
07.02.2019;-1.7;-3.3;-0.4;1.0;5.1655734;7.7;88.4
08.02.2019;-1.8;-4.8;2.3;0.5;4.43947896;0.0;81.1
09.02.2019;-2.2;-3.5;-1.1;2.1;3.399129;0.0;79.5
10.02.2019;-4.3;-5.6;-2.5;2.1;4.4462502;0.2;80.3
11.02.2019;-2.2;-4.0;-0.7;2.1;3.95945676;0.2;87.4
12.02.2019;-0.7;-2.0;1.1;2.5;3.54356316;1.0;88.4
13.02.2019;-1.3;-3.6;0.9;2.3;5.6085534;20.0;97.3
14.02.2019;-3.3;-5.0;-0.7;1.6;6.22729908;4.0;77.1
15.02.2019;-0.4;-3.3;2.3;2.8;5.5275678;0.0;82.4
16.02.2019;2.0;0.1;4.4;2.8;6.09460848;0.0;77.0
17.02.2019;1.9;-0.7;5.1;2.6;5.50703484;0.0;74.3
18.02.2019;-1.0;-2.9;1.4;4.8;7.56225792;0.0;56.0
19.02.2019;-5.4;-12.3;1.9;1.5;5.55504912;0.0;60.3
20.02.2019;-0.3;-2.1;2.2;2.9;4.0735386;0.0;71.0
21.02.2019;-0.4;-3.4;2.0;2.9;6.70300632;9.0;91.3
22.02.2019;-8.3;-9.5;-5.5;3.5;8.16191532;4.6;79.6
23.02.2019;-9.0;-12.3;-5.1;1.6;8.33669568;0.3;63.3
24.02.2019;-4.3;-6.6;-0.7;1.4;8.13935232;0.8;80.9
25.02.2019;1.0;-0.5;2.8;2.3;7.83012924;4.7;87.1
26.02.2019;1.1;0.7;1.4;1.9;8.50250052;6.7;94.8
27.02.2019;-1.2;-3.3;0.7;2.0;8.43093288;3.2;81.1
28.02.2019;-0.7;-2.9;2.0;1.3;8.41093344;0.0;74.5
01.03.2019;0.4;-0.8;2.1;1.0;8.92827504;2.6;91.9
02.03.2019;-4.9;-9.4;0.0;2.4;9.82890612;0.5;71.4
03.03.2019;-6.7;-10.5;-2.0;2.4;9.18814392;1.0;82.3
04.03.2019;-3.0;-7.4;0.5;1.1;8.70201396;3.0;85.1
05.03.2019;2.0;-0.1;4.3;2.0;7.75489572;3.4;93.1
06.03.2019;0.1;-5.0;2.9;3.0;10.3481694;4.7;82.6
07.03.2019;-6.9;-12.7;-0.9;1.4;10.37672928;0.2;55.5
08.03.2019;-1.9;-4.8;2.4;3.1;7.00141104;0.6;74.8
09.03.2019;4.0;1.6;7.0;2.5;10.19541096;1.6;74.5
10.03.2019;0.3;-4.2;4.9;1.5;9.4140324;2.0;78.0
11.03.2019;1.0;-1.1;3.6;1.1;10.74390372;2.6;90.5
12.03.2019;0.1;-1.3;2.1;1.8;11.19278952;0.0;66.3
13.03.2019;-3.7;-5.7;-1.6;1.8;10.90281708;3.5;75.3
14.03.2019;-6.7;-13.8;1.2;0.5;11.06992368;0.0;77.1
15.03.2019;-1.6;-5.1;2.6;1.5;8.00492688;0.0;73.3
16.03.2019;-1.5;-3.1;0.3;2.8;11.19698784;4.0;86.1
17.03.2019;0.3;-0.5;1.5;1.8;8.802639;0.6;88.1
18.03.2019;2.0;0.9;4.7;1.3;10.2158262;0.0;85.3
19.03.2019;2.8;1.1;5.9;2.0;10.29311712;1.3;84.8
20.03.2019;3.6;1.5;6.2;0.9;11.21410008;1.3;82.9
21.03.2019;1.7;-1.0;3.6;0.4;12.50984088;0.1;74.3
22.03.2019;1.2;-0.4;2.4;1.6;12.12638652;4.1;88.3
23.03.2019;1.9;-0.1;4.6;2.4;12.95270172;6.8;78.8
24.03.2019;-1.7;-6.1;2.4;0.6;11.94868728;3.0;86.0
25.03.2019;2.3;-1.3;6.3;1.5;14.2672806;4.4;74.8
26.03.2019;1.8;-1.5;5.9;1.3;11.589417;0.1;65.5
27.03.2019;1.2;-3.8;5.1;1.6;14.17989024;0.7;68.6
28.03.2019;-0.9;-4.7;2.1;1.4;13.585797;0.4;70.9
29.03.2019;0.9;-3.0;4.3;0.4;12.50094096;0.0;67.8
30.03.2019;4.2;1.7;7.3;1.5;11.7382482;0.0;84.4
31.03.2019;7.3;2.0;14.1;1.3;13.75078896;0.0;67.8
01.04.2019;6.6;3.2;9.4;3.0;15.919344;0.0;55.8
02.04.2019;3.0;-1.6;7.4;2.1;16.03450908;0.0;67.3
03.04.2019;3.2;-2.7;9.7;1.1;14.31909756;0.0;50.8
04.04.2019;4.2;-1.5;10.2;1.0;13.91504076;0.0;45.3
05.04.2019;3.0;0.5;5.0;0.9;13.25448648;0.0;56.1
06.04.2019;3.5;1.1;4.8;1.1;15.9406506;0.0;74.5
07.04.2019;3.1;-2.0;8.0;0.6;15.51566088;0.0;70.0
08.04.2019;4.4;-2.0;12.2;1.6;12.7398366;0.0;69.0
09.04.2019;12.2;7.3;18.6;2.5;13.5418086;0.8;49.5
10.04.2019;12.4;9.6;18.6;1.1;13.74627996;4.0;68.5
11.04.2019;8.3;5.1;10.9;1.5;14.07335364;2.1;72.0
12.04.2019;3.7;1.4;6.3;1.4;12.93618528;22.0;87.8
13.04.2019;1.9;0.7;3.1;2.4;15.17359932;15.0;94.5
14.04.2019;1.0;0.2;2.3;1.9;16.21985256;7.3;92.9
15.04.2019;3.8;0.1;11.2;2.1;15.92793468;16.0;72.5
16.04.2019;6.7;-0.1;14.2;1.1;17.06112252;0.0;46.0
17.04.2019;6.4;1.0;10.7;1.8;19.57989888;0.0;45.5
18.04.2019;5.3;-1.8;11.6;0.3;16.1512524;0.0;50.4
19.04.2019;6.8;-0.2;12.7;0.9;13.73948604;0.0;44.6
20.04.2019;7.0;-1.6;15.1;0.4;18.14688288;0.0;50.3
21.04.2019;9.0;-0.1;17.3;0.5;18.32833296;0.0;47.1
22.04.2019;9.9;1.2;18.7;0.5;14.02745616;0.0;48.5
23.04.2019;10.8;2.0;18.1;1.0;14.01492816;0.0;50.0
24.04.2019;14.6;5.6;23.3;0.9;15.8780286;0.0;44.5
25.04.2019;15.9;6.6;24.5;0.6;17.83738656;0.0;44.1
26.04.2019;16.3;9.5;21.9;0.1;13.72265496;0.0;42.5
27.04.2019;16.0;10.0;22.4;0.9;11.06596044;0.0;46.3
28.04.2019;11.6;7.1;17.1;2.3;18.09111456;0.0;51.4
29.04.2019;5.6;0.1;10.1;0.8;20.98944504;0.0;41.4
30.04.2019;7.1;2.4;12.2;0.1;17.50156344;0.0;39.5
01.05.2019;8.1;-0.6;15.3;1.0;21.50289324;0.0;47.6
02.05.2019;8.4;6.2;10.0;1.3;20.47256208;6.3;77.5
03.05.2019;11.4;6.7;18.4;1.9;19.55201472;0.3;65.4
04.05.2019;11.1;8.1;13.1;0.5;20.61718056;1.6;64.3
05.05.2019;12.5;3.5;22.1;1.4;18.41923656;0.0;68.3
06.05.2019;18.3;10.3;25.5;0.6;23.02191396;0.0;50.4
07.05.2019;17.5;7.8;25.9;0.6;20.825397;0.0;54.0
08.05.2019;17.4;10.4;25.2;0.4;16.38946764;2.0;63.0
09.05.2019;18.0;10.8;27.3;1.0;20.60485128;6.1;74.9
10.05.2019;20.4;15.8;26.7;1.3;19.1820762;0.5;63.8
11.05.2019;19.8;17.6;21.6;2.4;21.02765436;0.4;55.1
12.05.2019;16.0;9.2;21.9;0.1;19.37333664;0.0;67.6
13.05.2019;17.1;13.7;22.4;0.6;14.35014324;6.4;78.1
14.05.2019;17.3;13.8;19.9;0.6;14.7605958;1.6;77.1
15.05.2019;17.3;13.9;20.9;0.1;14.0285934;0.5;82.8
16.05.2019;15.1;10.8;19.4;1.0;21.03458364;72.0;70.4
17.05.2019;12.8;6.3;18.3;0.3;25.05917124;0.0;48.4
18.05.2019;14.6;5.8;21.3;0.3;24.42811644;0.0;54.1
19.05.2019;14.7;7.0;20.8;1.0;23.98032252;0.0;49.0
20.05.2019;13.7;4.9;21.1;0.1;24.10990488;0.0;50.8
21.05.2019;15.2;6.1;23.3;0.4;21.4005042;0.0;58.8
22.05.2019;19.5;12.3;25.2;0.5;23.36696028;0.0;49.3
23.05.2019;18.0;11.6;24.6;0.5;18.545481;0.3;68.0
24.05.2019;13.7;10.8;16.8;0.9;24.3653994;0.3;70.0
25.05.2019;12.9;5.5;19.2;1.0;22.87913904;0.0;64.4
26.05.2019;16.4;11.6;19.4;0.5;20.28393972;0.8;77.5
27.05.2019;16.5;11.4;21.0;1.3;23.21980128;0.5;67.0
28.05.2019;20.6;12.5;28.5;0.5;21.337272;0.0;55.4
29.05.2019;23.2;17.0;29.1;0.6;20.862144;0.0;56.1
30.05.2019;23.3;16.0;28.9;1.1;21.8015262;0.0;54.6
31.05.2019;20.1;16.3;24.0;0.4;19.45235376;4.0;76.1
01.06.2019;20.3;16.7;23.7;0.4;23.40063108;4.5;69.1
02.06.2019;18.6;10.4;24.8;0.8;22.83760368;0.0;65.5
03.06.2019;19.0;14.4;21.5;0.4;23.0300982;0.0;56.8
04.06.2019;15.8;7.3;22.9;0.4;25.5746988;0.0;52.6
05.06.2019;17.7;7.5;25.5;0.5;26.99700804;0.0;57.0
06.06.2019;20.9;11.0;28.7;0.0;27.02566944;0.0;50.4
07.06.2019;22.8;12.0;30.7;0.3;22.70593836;0.0;51.6
08.06.2019;24.2;15.5;30.6;0.3;19.22506704;0.0;53.6
09.06.2019;24.2;15.3;31.3;0.4;18.33795864;0.0;61.8
10.06.2019;24.1;17.3;30.1;0.4;19.59256584;0.0;55.8
11.06.2019;23.8;17.6;28.8;0.3;20.91579948;0.0;54.0
12.06.2019;21.3;16.8;26.0;0.1;20.19253536;0.0;54.4
13.06.2019;16.3;11.1;20.0;1.4;26.78015232;0.0;48.0
14.06.2019;14.7;6.8;21.6;0.4;21.94202808;7.0;67.1
15.06.2019;15.6;13.2;18.4;0.3;21.73710744;7.0;87.4
16.06.2019;16.4;10.6;22.0;0.4;21.62464092;0.0;76.4
17.06.2019;18.7;9.9;26.2;0.6;23.62084812;0.0;65.8
18.06.2019;21.5;15.5;26.6;0.4;20.60194392;0.0;61.3
19.06.2019;22.7;17.5;28.3;0.1;25.36170804;0.0;47.8
20.06.2019;22.7;12.6;30.3;0.1;25.45183116;0.0;51.9
21.06.2019;23.7;14.5;31.0;0.4;22.69654092;0.0;53.8
22.06.2019;25.4;16.7;32.8;0.6;21.77147628;0.0;52.8
23.06.2019;23.6;20.1;27.5;0.1;17.08640172;0.0;60.9
24.06.2019;20.8;14.3;25.8;0.5;22.76217072;10.0;52.5
25.06.2019;18.9;13.6;23.3;0.4;24.99125436;0.0;46.5
26.06.2019;17.2;10.0;23.7;0.1;21.99636396;0.0;63.3
27.06.2019;14.3;12.7;15.7;1.8;14.72288112;23.8;92.5
28.06.2019;15.7;12.1;18.3;1.4;24.02645436;34.0;91.8
29.06.2019;10.4;9.6;11.4;2.4;25.41933648;26.0;93.8
30.06.2019;14.8;10.1;18.9;1.3;24.45702372;7.9;69.6
01.07.2019;17.8;11.5;23.7;0.6;20.40286824;0.0;72.3
02.07.2019;21.8;18.2;25.4;1.0;23.9845536;0.0;60.5
03.07.2019;17.6;12.8;22.1;1.4;24.57820728;0.6;67.1
04.07.2019;15.3;11.1;19.2;2.0;23.21721576;0.0;58.3
05.07.2019;15.0;9.1;19.7;1.4;23.5845792;0.0;58.5
06.07.2019;15.7;12.7;19.3;0.9;23.36753664;10.0;64.0
07.07.2019;14.4;11.1;20.2;1.1;24.15199212;1.3;70.9
08.07.2019;17.6;12.2;23.7;0.6;19.64252628;0.0;69.0
09.07.2019;17.3;13.1;22.8;0.5;18.38364264;2.0;69.8
10.07.2019;15.4;10.9;20.8;0.9;25.28066952;0.0;72.8
11.07.2019;14.2;12.7;16.4;0.0;22.96015308;5.6;84.0
12.07.2019;14.8;12.6;18.4;0.1;19.51944084;5.5;81.0
13.07.2019;14.3;11.4;18.1;0.1;22.80495924;9.3;79.9
14.07.2019;15.7;11.3;20.6;0.4;17.76538296;0.0;72.6
15.07.2019;15.3;8.8;21.1;0.1;18.24522876;0.0;70.4
16.07.2019;17.2;13.4;23.9;0.9;17.00381592;1.2;76.1
17.07.2019;16.8;14.2;21.0;0.5;17.86259196;9.0;88.3
18.07.2019;17.1;14.9;22.1;0.4;21.14723844;8.0;84.5
19.07.2019;15.6;10.9;22.0;1.0;23.96308176;11.3;82.6
20.07.2019;16.9;14.9;21.5;1.0;23.7491298;4.3;86.8
21.07.2019;17.7;15.2;22.4;0.8;22.03746696;5.3;84.3
22.07.2019;19.7;12.9;26.4;0.4;18.06901884;1.0;68.9
23.07.2019;17.3;14.0;20.7;0.4;17.66330316;6.3;90.6
24.07.2019;17.3;14.4;21.3;0.1;16.96721832;11.0;91.9
25.07.2019;17.6;15.1;21.6;1.0;18.45275436;16.0;90.0
26.07.2019;21.8;17.1;27.2;1.1;17.7491268;5.0;74.4
27.07.2019;22.7;16.6;28.6;0.5;17.8436934;0.0;65.4
28.07.2019;23.3;19.4;26.8;0.8;19.10514384;0.0;61.9
29.07.2019;15.8;10.5;21.4;0.9;23.11474212;0.0;54.8
30.07.2019;13.1;9.3;17.3;0.8;22.67832672;0.0;60.9
31.07.2019;11.3;9.5;15.1;1.4;23.48143056;0.5;72.6
01.08.2019;13.1;10.6;16.1;1.1;22.48195248;0.3;70.8
02.08.2019;13.4;12.1;14.8;0.8;22.607172;1.1;82.3
03.08.2019;14.3;11.0;18.8;0.9;19.4091732;2.0;75.6
04.08.2019;12.4;9.9;14.5;0.8;22.68349632;2.8;75.1
05.08.2019;10.7;5.2;15.0;1.1;17.64994752;0.0;71.3
06.08.2019;12.9;9.6;19.6;1.6;19.78790976;0.0;72.1
07.08.2019;15.0;9.6;20.7;0.5;17.4332196;0.0;72.9
08.08.2019;19.1;13.3;25.0;0.9;16.42078836;16.0;74.4
09.08.2019;18.3;16.4;20.2;2.9;20.24111232;8.0;76.5
10.08.2019;13.9;12.8;16.0;2.0;19.02155436;7.0;88.5
11.08.2019;14.9;10.9;19.3;1.5;20.40778296;7.3;66.3
12.08.2019;14.2;6.8;21.7;0.0;18.30985128;0.0;71.9
13.08.2019;18.0;11.4;25.9;0.4;17.6925726;0.0;74.1
14.08.2019;19.5;17.2;21.2;0.5;18.50511276;6.0;80.3
15.08.2019;20.1;14.2;28.6;1.3;16.25800608;8.0;76.6
16.08.2019;15.9;14.7;18.2;0.0;14.88939948;20.0;87.8
17.08.2019;15.9;14.7;17.0;0.6;11.19821148;21.0;95.3
18.08.2019;18.8;16.9;21.2;1.1;17.94785616;48.0;86.3
19.08.2019;18.0;16.1;20.8;0.8;18.36351036;0.0;84.1
20.08.2019;19.4;11.5;27.3;0.4;17.44234632;0.0;75.9
21.08.2019;21.2;15.2;27.6;0.1;15.00616584;0.0;78.3
22.08.2019;21.9;16.7;29.2;1.0;16.29351036;0.0;75.0
23.08.2019;17.6;12.1;23.3;0.3;16.3710684;0.0;67.9
24.08.2019;16.9;10.1;24.0;0.9;16.5462696;0.0;71.0
25.08.2019;16.7;11.0;20.2;0.9;16.37425908;0.0;68.9
26.08.2019;14.3;7.9;20.4;0.3;17.73351216;0.0;75.5
27.08.2019;17.9;15.2;22.9;1.0;15.40692756;0.0;64.8
28.08.2019;14.3;10.0;17.7;0.6;16.81651944;0.0;60.6
29.08.2019;13.1;5.3;22.1;0.8;15.45626952;0.0;65.8
30.08.2019;16.4;8.4;24.6;0.5;15.1838946;0.0;64.6
31.08.2019;16.2;11.2;23.9;0.1;15.48091404;0.0;79.4
01.09.2019;17.1;8.9;25.3;0.4;13.24609092;0.0;73.1
02.09.2019;16.2;11.6;21.5;0.0;12.62207196;2.0;86.3
03.09.2019;17.3;10.0;23.7;0.4;15.29103852;2.0;74.0
04.09.2019;15.9;9.4;23.4;1.1;14.63191272;0.0;65.5
05.09.2019;15.7;13.1;17.5;0.1;11.2099122;0.3;70.1
06.09.2019;18.3;13.6;25.9;1.1;11.06188596;0.3;67.4
07.09.2019;17.2;13.1;21.8;0.3;12.43172808;0.0;81.6
08.09.2019;17.5;12.4;24.0;0.3;12.12627564;0.0;75.8
09.09.2019;16.8;10.1;23.1;0.1;11.9141658;0.0;77.3
10.09.2019;16.8;9.6;25.5;0.4;11.67380424;0.0;76.5
11.09.2019;18.6;11.2;27.5;0.6;10.74095064;0.0;61.9
12.09.2019;18.1;9.5;26.7;0.4;13.8141432;0.0;59.9
13.09.2019;16.8;9.5;25.3;0.9;11.01608784;0.0;64.8
14.09.2019;15.3;14.1;17.2;2.0;13.4011566;1.6;65.4
15.09.2019;10.2;5.6;14.2;1.4;13.54325256;0.0;69.6
16.09.2019;11.8;9.5;15.5;2.6;11.88427248;7.8;77.6
17.09.2019;11.2;9.3;14.3;2.1;12.80960244;1.0;73.8
18.09.2019;9.3;7.5;11.3;1.4;11.05513056;1.3;81.3
19.09.2019;8.7;5.7;13.2;1.6;10.85083848;3.6;81.9
20.09.2019;8.1;4.7;11.2;0.3;10.27680804;0.0;76.3
21.09.2019;5.9;2.4;8.5;0.6;11.67384888;0.0;75.9
22.09.2019;5.7;4.4;7.6;2.3;11.88692568;5.6;80.8
23.09.2019;5.3;3.1;8.7;2.4;11.42700804;0.1;70.8
24.09.2019;3.5;-1.1;7.4;1.1;10.08375804;0.0;79.0
25.09.2019;5.3;2.7;8.9;0.1;11.02250988;0.0;73.8
26.09.2019;6.4;2.4;13.0;0.3;11.08772856;0.0;70.5
27.09.2019;6.7;-1.0;13.4;0.6;10.08587196;0.0;71.3
28.09.2019;8.3;5.5;11.1;0.0;10.32486588;0.0;74.0
29.09.2019;8.5;4.5;11.5;1.1;7.25241888;0.9;76.0
30.09.2019;11.5;8.4;14.5;1.5;9.61572924;5.3;89.5
01.10.2019;14.2;10.6;17.7;2.1;9.4786902;2.1;85.6
02.10.2019;11.1;5.4;16.4;1.1;9.11038104;0.3;75.9
03.10.2019;15.4;10.6;20.9;1.1;9.61281288;0.6;63.4
04.10.2019;11.7;8.1;14.2;0.9;5.92491672;12.0;82.6
05.10.2019;7.7;5.1;10.4;0.0;9.02040732;0.0;80.9
06.10.2019;2.0;0.3;6.2;1.9;7.99792632;43.0;95.6
07.10.2019;2.1;0.7;3.3;2.6;8.7286086;5.4;83.8
08.10.2019;1.9;-0.7;4.9;1.9;8.36252928;0.0;72.3
09.10.2019;2.8;-0.2;5.1;1.5;7.33588344;5.0;85.0
10.10.2019;7.9;6.1;10.0;1.1;7.75964016;8.5;92.8
11.10.2019;9.9;8.4;11.7;1.9;7.7757336;1.5;81.0
12.10.2019;10.1;8.1;12.9;2.3;7.50374568;0.8;80.5
13.10.2019;10.9;9.1;12.7;2.8;7.66231092;4.0;77.0
14.10.2019;11.3;6.0;17.4;1.1;7.67522268;0.0;75.3
15.10.2019;12.0;5.9;18.1;1.6;7.82416764;0.0;68.1
16.10.2019;4.2;-1.2;8.4;0.5;6.5188566;0.0;74.9
17.10.2019;12.1;6.7;19.2;0.9;7.00514532;0.0;68.8
18.10.2019;12.9;11.5;15.3;0.6;6.45496848;0.0;73.9
19.10.2019;11.3;8.2;14.9;0.1;5.87106396;0.0;85.5
20.10.2019;13.1;10.4;19.0;0.0;4.03013988;1.1;76.8
21.10.2019;13.7;11.4;17.1;0.8;4.25231316;0.8;72.9
22.10.2019;8.9;6.9;11.4;0.1;6.79840488;7.0;86.5
23.10.2019;11.9;8.6;14.3;1.0;5.81427036;1.6;77.9
24.10.2019;10.5;9.1;11.6;0.0;5.00972076;0.0;69.4
25.10.2019;8.9;6.0;11.7;0.0;5.48708472;0.0;77.5
26.10.2019;8.5;4.4;11.7;0.8;5.5365498;0.0;85.3
27.10.2019;12.0;10.6;13.3;2.6;4.61957184;0.0;75.3
28.10.2019;8.6;3.9;13.1;3.3;6.11655516;0.0;61.9
29.10.2019;2.2;-1.3;5.8;0.6;4.6206972;2.0;91.6
30.10.2019;0.7;-1.9;3.3;3.0;5.16800736;6.0;86.6
31.10.2019;-2.7;-4.1;-1.6;2.5;5.3229258;1.8;70.8
01.11.2019;-1.8;-4.7;0.3;2.3;5.19084;0.8;75.5
02.11.2019;1.6;0.3;3.4;1.6;5.08228632;0.6;84.3
03.11.2019;1.2;0.0;2.6;3.0;3.45737124;4.0;86.1
04.11.2019;5.6;3.1;8.1;2.8;3.68429796;3.0;87.1
05.11.2019;10.0;7.9;12.4;2.8;3.3906186;2.3;81.4
06.11.2019;10.7;9.8;12.0;1.8;4.21810668;1.6;81.9
07.11.2019;8.3;5.6;13.0;1.5;4.52005668;0.4;83.1
08.11.2019;4.4;3.2;6.1;0.0;2.76167052;1.8;94.1
09.11.2019;2.2;1.0;3.9;1.9;3.72212856;0.0;98.0
10.11.2019;5.8;3.6;8.3;1.4;3.00766104;1.2;93.4
11.11.2019;6.7;5.5;8.3;1.8;2.69658144;0.0;90.3
12.11.2019;5.9;4.0;8.2;1.5;4.07135232;1.4;82.4
13.11.2019;2.8;-0.5;5.3;0.3;3.53836404;0.0;79.5
14.11.2019;0.6;-2.4;5.9;0.1;3.51340128;0.0;92.0
15.11.2019;0.3;-1.3;2.1;0.4;3.41284428;0.0;92.4
16.11.2019;1.2;-1.8;2.0;0.5;1.76238216;0.0;92.9
17.11.2019;4.3;2.6;5.5;1.0;2.277171;0.0;88.9
18.11.2019;2.2;0.0;5.2;1.1;2.66081148;0.0;92.8
19.11.2019;1.2;-0.2;3.0;0.0;2.8574838;0.0;97.9
20.11.2019;0.6;-6.0;4.2;3.1;3.46851792;0.0;78.6
21.11.2019;-8.7;-10.6;-5.9;1.4;3.46286088;0.0;81.4
22.11.2019;-9.3;-12.0;-4.2;0.8;3.52170612;0.0;83.5
23.11.2019;-8.8;-10.9;-3.8;0.9;3.16925064;0.0;81.3
24.11.2019;-9.2;-11.6;-4.5;1.0;3.3640632;0.0;87.5
25.11.2019;-7.5;-10.3;-2.7;0.9;3.35711772;0.0;73.1
26.11.2019;-7.2;-12.6;-1.0;1.3;2.88351612;0.0;78.1
27.11.2019;-2.3;-2.7;-1.8;1.6;1.49490072;0.0;73.5
28.11.2019;-2.2;-4.0;-1.4;1.4;1.89811656;0.0;75.6
29.11.2019;0.4;-1.3;1.4;2.3;2.18885436;0.0;95.9
30.11.2019;2.0;0.9;3.3;1.5;2.31940044;18.0;97.4
01.12.2019;-1.9;-5.1;1.2;2.3;2.5514154;1.0;77.1